<COLLADA xmlns="http://www.collada.org/2005/11/COLLADASchema" version="1.4.1">
  <asset>
    <created>2026-02-10T22:53:39.273305</created>
    <modified>2026-02-10T22:53:39.273312</modified>
    <up_axis>Y_UP</up_axis>
  </asset>
  <library_effects>
    <effect id="261d626e2f5d4c70af05f853252d6713" name="261d626e2f5d4c70af05f853252d6713">
      <profile_COMMON>
        <technique sid="common">
          <phong>
            <emission>
              <color>0.0 0.0 0.0 1.0</color>
            </emission>
            <ambient>
              <color>0.300000 0.300000 0.300000 1.0</color>
            </ambient>
            <diffuse>
              <color>1.000000 1.000000 1.000000 1.0</color>
            </diffuse>
            <specular>
              <color>0.196000 0.196000 0.196000 1.0</color>
            </specular>
            <shininess>
              <float>20.0</float>
            </shininess>
            <reflective>
              <color>0.0 0.0 0.0 1.0</color>
            </reflective>
            <reflectivity>
              <float>0.0</float>
            </reflectivity>
            <transparent>
              <color>0.0 0.0 0.0 1.0</color>
            </transparent>
            <transparency>
              <float>1.0</float>
            </transparency>
          </phong>
        </technique>
        <extra>
          <technique profile="GOOGLEEARTH">
            <double_sided>0</double_sided>
          </technique>
        </extra>
      </profile_COMMON>
    </effect>
  </library_effects>
  <library_geometries>
    <geometry id="13641094598948c0ae15dd909bde9af6" name="8f51f4b5bfe6404487dfc6e3c82cc886">
      <mesh>
        <source id="verts-array">
          <float_array count="4716" id="verts-array-array">-0.043 0.045 0 -0.0433129 0.0449754 0 -0.043618 0.0449021 0 0.044618 -0.0441756 0 0.045 -0.043 0 0.0444142 -0.0444142 0 -0.043908 0.044782 0 -0.0444142 0.0444142 0 -0.0441756 0.044618 0 -0.044618 0.0441756 0 -0.045 0.043 0 -0.0449021 0.043618 0 -0.044782 0.043908 0 -0.0449754 0.0433129 0 0.0261023 -0.0347571 -5.18356e-19 0.0261084 -0.0349906 0 0.0279387 -0.035058 -3.00418e-19 -0.043908 -0.044782 0 -0.044618 -0.0441756 0 -0.0441756 -0.044618 0 -0.0444142 -0.0444142 0 -0.043618 -0.0449021 0 -0.044782 -0.043908 0 -0.0449021 -0.043618 0 -0.0433129 -0.0449754 0 -0.0449754 -0.0433129 0 -0.043 -0.045 0 -0.045 -0.043 0 0.043618 -0.0449021 0 0.043 -0.045 0 0.0433129 -0.0449754 0 -0.0341565 -0.0331914 0 -0.0326102 -0.0308124 -4.71632e-19 0.043908 -0.044782 0 0.0441756 -0.044618 0 0.0449021 -0.043618 0 0.0449754 -0.0433129 0 0.044782 -0.043908 0 -0.0320439 -0.0302598 -2.46351e-19 -0.0318104 -0.0301468 -3.22008e-19 -0.0297838 -0.0310648 0 -0.0301472 -0.0309636 -2.59052e-19 -0.0301817 -0.0328484 0 0.0433129 0.0449754 0 0.0449021 0.043618 0 0.043618 0.0449021 0 0.043 0.045 0 0.045 0.043 0 0.0449754 0.0433129 0 0.0441756 0.044618 0 0.044618 0.0441756 0 0.0444142 0.0444142 0 0.043908 0.044782 0 0.044782 0.043908 0 -0.0329805 -0.039573 0 -0.031879 -0.039573 0 0.02368 -0.0395968 -2.22045e-19 0.0253068 -0.039573 0 0.0240416 -0.0394721 0 -0.0310162 -0.0309007 -2.02132e-19 -0.0311313 -0.0309258 -2.17879e-19 -0.0316887 -0.0313794 -2.19724e-19 -0.0316095 -0.03125 0 -0.0313487 -0.0310154 -3.65231e-19 -0.0315337 -0.0311598 -5.04913e-19 -0.031879 -0.0337049 0 -0.0301817 -0.0337049 0 0.0232602 -0.0396716 -4.16334e-19 0.0261084 -0.039573 0 -0.0329805 -0.0337049 0 -0.0341565 -0.0337049 0 -0.0329054 -0.0315916 -2.71935e-19 -0.0328373 -0.0313205 -3.4683e-19 -0.0329805 -0.0328112 0 -0.0329805 -0.032425 0 -0.0329732 -0.0321458 -1.73001e-19 -0.0318528 -0.0319597 -4.91875e-19 -0.0318295 -0.0318099 -4.20896e-19 -0.0329493 -0.0318675 -2.1439e-19 -0.0317497 -0.0315181 -3.16079e-19 -0.0308991 -0.0308868 -1.49077e-19 -0.0307814 -0.0308826 0 -0.0304798 -0.0309028 -4.07082e-19 -0.0327404 -0.0310585 -4.10318e-19 -0.0312429 -0.0309637 -2.95827e-19 -0.0314464 -0.0310812 -4.32639e-19 -0.0315641 -0.0300659 -3.89464e-19 -0.0313102 -0.0300131 -4.41597e-19 -0.0324444 -0.0305876 0 -0.0322577 -0.030407 -1.88081e-19 0.0240703 -0.0336648 -4.03316e-19 0.0238917 -0.035561 0 0.0242102 -0.0336989 -3.39575e-19 -0.0307932 -0.0299751 0 -0.0310526 -0.0299838 -4.92253e-19 -0.0304706 -0.0299893 -2.11636e-19 -0.0301459 -0.0300319 -3.33067e-19 -0.0289626 -0.0300417 0 -0.0278611 -0.0300417 0 -0.0294898 -0.0302024 0 -0.0289626 -0.039573 0 0.0283927 -0.0339577 -4.74486e-19 0.0258068 -0.0336385 -2.07603e-19 0.025911 -0.0338475 -2.67511e-19 -0.0317957 -0.0316623 -3.75664e-19 -0.0318679 -0.0321105 -5.61796e-19 -0.0318765 -0.0322617 -6.20844e-19 -0.031879 -0.0324133 0 -0.031879 -0.0328484 0 0.0199345 -0.0337049 0 0.0214045 -0.0333129 0 0.0199345 -0.0328484 0 0.0217416 -0.03414 0 0.0215307 -0.0361081 -3.47935e-19 0.0217696 -0.0359779 -3.77803e-19 0.0242912 -0.0393344 -4.71845e-19 0.0250912 -0.0386166 0 0.0250422 -0.0386166 0 0.0247915 -0.0389067 -3.60822e-19 0.00219111 -0.0382983 -2.22045e-19 0.00209325 -0.0385536 -3.33067e-19 0.00402735 -0.0384882 -2.70181e-19 -0.00905023 -0.034591 -4.44089e-19 -0.00724969 -0.0337397 -4.07082e-19 -0.00748924 -0.0337304 0 0.00499149 -0.0377291 -2.58423e-19 0.00626022 -0.0387777 -4.92954e-19 0.00496182 -0.0375467 -1.91709e-19 0.0245412 -0.039146 -3.88578e-19 0.0227823 -0.0396965 0 0.00664474 -0.038777 -1.46506e-19 0.00685233 -0.0387571 -1.98721e-19 0.00494082 -0.0371779 0 0.0224028 -0.0396756 -2.77556e-19 0.00156479 -0.0391781 0 0.00444103 -0.0391144 0 0.00178009 -0.0389935 -4.71845e-19 -0.00676014 -0.0338147 0 -0.00942056 -0.0355762 -4.16334e-19 -0.0094492 -0.0359843 0 0.00591247 -0.0387259 -3.91252e-19 0.00608525 -0.0387592 -4.4261e-19 0.00503765 -0.0379081 -3.43372e-19 0.00224982 -0.0380194 -1.94289e-19 0.00394684 -0.0382496 -3.40905e-19 0.0022694 -0.0377169 0 0.00385252 -0.0377553 -4.64647e-19 0.0206264 -0.0302024 0 0.0229119 -0.0328051 -2.59052e-19 0.0233081 -0.0327538 -4.07082e-19 0.0074523 -0.0385872 -3.55158e-19 0.00763391 -0.0384848 -4.25418e-19 0.00808004 -0.0380052 -1.83883e-19 -0.00148393 -0.0344399 0 -0.00147543 -0.0345592 -1.94289e-19 -0.00122329 -0.0339083 -1.66533e-19 0.00643627 -0.0387831 0 -0.00236983 -0.0337686 -3.33067e-19 -0.00223873 -0.0335607 -4.16334e-19 -0.0066249 -0.0327994 0 0.0229557 -0.0336971 -4.07082e-19 0.0230778 -0.0356233 -5.05264e-19 0.0233483 -0.0355935 -5.23334e-19 0.0225417 -0.0357172 -4.40589e-19 0.0222782 -0.0357855 -4.19443e-19 0.0237848 -0.0336302 -5.18484e-19 0.0236197 -0.035573 -5.39581e-19 0.0248031 -0.0341271 -4.70576e-19 0.0244749 -0.0338106 -2.07641e-19 0.0239281 -0.0336426 -4.63914e-19 0.0245939 -0.0338917 -1.68644e-19 0.0246992 -0.0339901 0 0.0249437 -0.0344396 -3.50498e-19 0.0249851 -0.0346066 -2.96235e-19 0.024884 -0.0342781 -4.08391e-19 0.025026 -0.034948 -1.65027e-19 0.0250117 -0.0347766 -2.57233e-19 0.0250304 -0.03512 0 0.0250304 -0.0355179 0 -0.00771862 -0.0327464 -4.44089e-19 -0.0105507 -0.0328484 0 0.0286358 -0.0336412 0 0.0243459 -0.0337468 -2.68282e-19 0.0236408 -0.0336265 0 0.0232918 -0.0336441 -2.59052e-19 0.0226324 -0.0337853 0 0.015076 -0.0327332 -2.52884e-19 0.0173758 -0.0310585 -4.10318e-19 0.0147896 -0.0327249 0 0.0228087 -0.0356639 -4.80874e-19 0.0221721 -0.0339533 -3.33067e-19 -0.00186416 -0.0332031 0 -0.00158623 -0.0330372 -1.88741e-19 0.02202 -0.0358715 -3.99898e-19 0.0213085 -0.0362655 -3.02595e-19 0.0203324 -0.0310648 0 0.0221227 -0.0330058 -4.47173e-19 0.0225128 -0.0328905 0 -0.0096452 -0.0328484 0 -0.00801084 -0.0328107 -3.33067e-19 -0.00128792 -0.0329124 -2.71223e-19 0.0178585 -0.030407 -1.60631e-19 0.00952321 -0.0328484 0 0.0116537 -0.0328484 0 0.0144858 -0.0327464 -4.44089e-19 0.0176717 -0.0305876 0 0.0125592 -0.0328484 0 0.0237016 -0.0327367 0 0.0239778 -0.0327439 -1.72711e-19 0.0183058 -0.0301468 -3.16111e-19 0.00494082 -0.0328484 0 0.0180723 -0.0302598 -2.23292e-19 0.0242531 -0.0327677 -2.13978e-19 -1.39558e-05 -0.0327249 0 0.0187674 -0.0310154 -3.65231e-19 0.0185067 -0.03125 0 0.0188733 -0.0309637 -2.95827e-19 0.0288837 -0.0333981 -1.84093e-19 0.0255145 -0.0332757 0 0.0256746 -0.0334459 -1.68329e-19 0.018806 -0.0300131 -4.41597e-19 0.0190636 -0.0299838 -4.92253e-19 0.0260454 -0.034294 -4.02907e-19 0.0280465 -0.0346737 -3.56738e-19 0.0281967 -0.034304 -4.15233e-19 0.0259895 -0.0340673 -3.39025e-19 0.0278294 -0.0358481 -1.68205e-19 0.0278175 -0.036247 0 0.026082 -0.0345245 -4.63576e-19 0.0280438 -0.0377912 -3.22143e-19 0.0279377 -0.0374141 -3.89245e-19 0.0278681 -0.0370286 -4.41164e-19 0.0278291 -0.0366389 -4.91813e-19 0.0281916 -0.0381542 -2.47034e-19 0.0326194 -0.0393339 0 -0.0278611 -0.039573 0 0.0220575 -0.0396131 -4.16334e-19 0.0182372 -0.039573 0 -0.0298189 -0.030103 -4.47559e-19 -0.0182459 -0.0345596 -3.74417e-19 -0.0203125 -0.0342473 -2.07884e-19 -0.0201589 -0.0345826 -2.73024e-19 -0.00933465 -0.0351934 -2.498e-19 -0.00700666 -0.0337678 -2.59052e-19 -0.0149958 -0.032744 -1.84093e-19 -0.0153898 -0.0327249 0 -0.000658931 -0.0327663 -4.33252e-19 -0.000977014 -0.0328238 -3.59087e-19 -0.00741476 -0.0327249 0 -0.00712839 -0.0327332 -2.52884e-19 -0.00144995 -0.0346715 -2.498e-19 -0.00140749 -0.0347767 -3.33067e-19 -0.00134803 -0.034875 -4.16334e-19 -0.0012716 -0.0349662 -4.71845e-19 -0.00112917 -0.0338431 0 -0.00165201 -0.0386126 -2.85327e-19 -0.000454947 -0.0365096 0 -0.00102595 -0.036277 -2.52884e-19 -0.00824536 -0.0338957 -4.44089e-19 -0.00775096 -0.0337487 -2.77556e-19 -0.008003 -0.0338039 -3.33067e-19 -0.00919147 -0.0348358 0 -0.00847804 -0.0340244 0 -0.00869351 -0.0341853 -2.77556e-19 -0.00856036 -0.0330679 0 -0.00829142 -0.0329178 -2.77556e-19 -0.00888424 -0.0343742 -3.33067e-19 -0.00947272 -0.0340792 0 -0.00927091 -0.0337654 -2.12504e-19 -0.00952172 -0.0340792 0 0.00519233 -0.0382421 -4.71449e-19 0.00530537 -0.0383882 0 0.00543565 -0.0385069 -1.80539e-19 0.0055837 -0.0386023 -2.3073e-19 0.00510362 -0.0380808 -4.09881e-19 0.00574417 -0.0386746 -3.19316e-19 -0.0094492 -0.039573 0 -0.0105507 -0.039573 0 -0.0162939 -0.0395899 -3.33067e-19 -0.0218789 -0.0395266 -3.72151e-19 -0.0222339 -0.039621 -4.29362e-19 -0.0229788 -0.0327249 0 -0.0225847 -0.032744 -1.84093e-19 -0.00881473 -0.0332597 -4.5363e-19 -0.00905157 -0.0334922 -3.36536e-19 -0.000848973 -0.0396847 -2.32375e-19 -0.000230788 -0.0388042 -1.63644e-19 0.000102662 -0.0367384 -4.10166e-19 -0.000388308 -0.0388067 0 0.00103462 -0.0383371 -3.05311e-19 0.00110837 -0.0382219 -3.33067e-19 0.00116104 -0.0380964 -4.16334e-19 0.000950624 -0.0394952 -3.20714e-19 0.00490213 -0.0394307 -4.13066e-19 0.00126935 -0.0393596 -2.18818e-19 0.00466007 -0.0392902 -4.73312e-19 0.00120318 -0.0378149 0 0.00119308 -0.0376857 -1.94289e-19 0.00104159 -0.0373389 -4.16334e-19 0.00119264 -0.0379608 -4.71845e-19 0.000950698 -0.0372369 -4.71845e-19 0.000839607 -0.0371417 0 0.00093981 -0.0384423 -1.94289e-19 0.00516206 -0.0395371 -3.49898e-19 0.00111229 -0.0374477 -3.33067e-19 0.00826755 -0.0375566 -3.07611e-19 0.00705773 -0.0387207 -2.14042e-19 0.00818675 -0.0377863 -2.42845e-19 0.00116278 -0.0375633 -2.22045e-19 0.0207279 -0.0371648 -1.59462e-19 0.0182372 -0.0337049 0 0.0131542 -0.034591 -4.71845e-19 0.0149547 -0.0337397 -4.10166e-19 0.0147151 -0.0337304 0 0.0207262 -0.0382901 -4.16334e-19 0.0206793 -0.0380095 -4.71845e-19 0.00068824 -0.0386173 -4.75741e-19 0.000823927 -0.0385372 0 0.00695444 -0.0396306 -3.36536e-19 0.00861575 -0.039573 0 0.00726356 -0.0395482 -2.12504e-19 0.00662314 -0.03968 -4.5363e-19 0.00039308 -0.0387249 -3.64203e-19 0.00053418 -0.0369491 -2.52884e-19 0.00023894 -0.0387578 -2.96053e-19 -0.000413788 -0.0396965 0 -0.00171179 -0.0395699 -3.58421e-19 -0.00128261 -0.039645 -2.87587e-19 -0.00252662 -0.0382677 0 -0.00212795 -0.0394478 -4.50387e-19 -0.00252662 -0.0392731 0 8.33081e-05 -0.0387812 -2.41845e-19 -7.34848e-05 -0.0387961 -1.99552e-19 0.000544221 -0.0386795 -4.14831e-19 -0.000803114 -0.0387851 -4.75175e-19 -0.00122435 -0.0387204 -3.85247e-19 -0.0021263 -0.0356058 -3.33067e-19 -0.00225505 -0.0354556 -4.44089e-19 0.00207928 -0.0369084 0 0.0038256 -0.0372524 0 0.00192913 -0.0366918 -4.16334e-19 -0.00179164 -0.0358824 0 -0.00147151 -0.036068 -4.10166e-19 -0.0020861 -0.0384617 -1.90958e-19 0.00125696 -0.0338668 -2.12504e-19 0.000783258 -0.0337333 -3.36536e-19 0.000248679 -0.0357197 0 0.000334795 -0.0336532 -4.5363e-19 -0.000362829 -0.0354658 -4.07082e-19 -0.000838445 -0.0352426 -2.498e-19 -0.000624226 -0.0336673 -3.04478e-19 -0.000799514 -0.0337057 -3.88109e-19 -0.00197183 -0.0357481 -2.77556e-19 -0.00117817 -0.0350504 0 -0.00235807 -0.0352974 0 -0.00130293 -0.0339802 -2.22045e-19 -0.00147669 -0.0343346 -4.996e-19 0.0182867 -0.0318099 -3.72183e-19 0.0182634 -0.0319597 -4.18448e-19 -0.00243696 -0.0351264 -3.05311e-19 -0.00145497 -0.034236 -4.16334e-19 -0.00136809 -0.0340588 -2.498e-19 -0.0024933 -0.034938 -3.88578e-19 -0.00252711 -0.034732 -5.27356e-19 -0.00141877 -0.034144 -3.60822e-19 0.0175059 -0.0308124 -4.71632e-19 -0.00253838 -0.0345085 0 -0.00251966 -0.0342425 -1.94289e-19 -0.00246347 -0.0339958 -2.498e-19 0.00841387 -0.0328484 0 -0.00207017 -0.0333722 -4.71845e-19 -0.000968688 -0.0337633 -4.69778e-19 0.00109391 -0.0328381 -3.36536e-19 0.0038256 -0.0328484 0 0.000549165 -0.0327532 -2.08167e-19 -0.000337351 -0.0327343 -4.96116e-19 -0.0068651 -0.032758 -4.10166e-19 0.00212828 -0.0331777 0 0.00175589 -0.0340538 0 0.00222187 -0.0372786 -3.33067e-19 0.00225751 -0.0374893 -4.44089e-19 0.00383183 -0.0375043 -5.18748e-19 -8.84342e-05 -0.0336265 0 -0.000267686 -0.0336304 -1.67408e-19 -0.000446505 -0.0336432 -2.2243e-19 0.000759248 -0.0359239 -2.52884e-19 0.00117247 -0.0361183 -4.10166e-19 0.00148835 -0.0363028 0 0.00173215 -0.0364899 -2.498e-19 0.00216246 -0.037085 -1.94289e-19 0.00162028 -0.0329796 -4.5363e-19 0.0172788 -0.0313205 -3.4683e-19 0.0153393 -0.032758 -4.10166e-19 0.00195624 -0.0387853 -4.16334e-19 0.00427255 -0.0389269 -1.69526e-19 0.00413494 -0.0387158 -2.07788e-19 0.00494571 -0.0373626 -1.76252e-19 0.00388975 -0.0380043 -4.04236e-19 0.000617808 -0.0395907 -4.16069e-19 0.00543271 -0.0396127 -2.74407e-19 0.00781063 -0.0392873 -4.44089e-19 0.00755051 -0.0394329 0 0.0209449 -0.0366675 -2.41218e-19 0.0211107 -0.0364523 -3.16058e-19 0.00803927 -0.0391141 -3.33067e-19 0.0127552 -0.0359843 0 0.0154442 -0.0338147 0 0.0127838 -0.0355762 -4.16334e-19 0.0210549 -0.0389895 -1.94289e-19 0.0209141 -0.0387801 -2.498e-19 0.0208045 -0.038547 -3.33067e-19 0.000277112 -0.0396524 -5.05051e-19 0.0214696 -0.0393628 -4.996e-19 0.0212271 -0.0391751 0 0.0128697 -0.0351934 -2.498e-19 0.0130129 -0.0348358 0 0.0206786 -0.0374331 -1.77026e-19 0.0208163 -0.0369071 -1.65649e-19 0.0079425 -0.0382069 0 0.0077985 -0.0383578 -5.00091e-19 0.00725879 -0.0386651 -2.85798e-19 0.00832693 -0.0373204 -3.71697e-19 0.00836786 -0.03708 -4.18254e-19 0.00839446 -0.0368378 -4.58202e-19 0.00840952 -0.0365946 -5.02725e-19 0.00841387 -0.0363508 0 0.013913 -0.0329178 -2.77556e-19 0.013644 -0.0330679 0 -6.73664e-05 -0.0396865 -5.88269e-19 0.00598893 -0.0396883 -1.73809e-19 0.00845699 -0.0386852 0 0.00823643 -0.0389134 -2.77556e-19 0.00840211 -0.0386852 0 0.00570934 -0.0396616 -2.15666e-19 0.0116537 -0.039573 0 0.0127552 -0.039573 0 0.00952321 -0.039573 0 0.00626967 -0.0396965 0 -0.0238828 -0.0395899 -3.33067e-19 -0.024274 -0.0394567 -4.44089e-19 -0.0200395 -0.0349454 -3.72151e-19 -0.0183632 -0.0349248 -2.95115e-19 -0.0234655 -0.0396698 -2.77556e-19 -0.0199542 -0.0353355 -4.36159e-19 -0.019903 -0.035753 -4.95635e-19 -0.0184973 -0.035744 -1.70499e-19 -0.018447 -0.0353197 -2.26576e-19 -0.019954 -0.0370808 -2.26576e-19 -0.0184902 -0.036709 -4.5363e-19 -0.019903 -0.0366542 -1.70499e-19 -0.019886 -0.036198 0 -0.018514 -0.036198 0 -0.0179235 -0.0384229 -4.44089e-19 -0.020311 -0.0381837 -4.36159e-19 -0.020498 -0.0384923 -4.95635e-19 -0.0181338 -0.0380482 0 -0.020158 -0.0378456 -3.74417e-19 -0.012297 -0.036198 0 -0.0124506 -0.0349454 -3.74417e-19 -0.0123653 -0.0353355 -4.36159e-19 -0.012314 -0.0366542 -1.70499e-19 -0.012365 -0.0370808 -2.26576e-19 -0.01245 -0.037478 -2.95115e-19 -0.012569 -0.0378456 -3.74417e-19 -0.01429 -0.0395266 -3.72151e-19 -0.013961 -0.0393944 -3.14374e-19 -0.012722 -0.0381837 -4.36159e-19 -0.012909 -0.0384923 -4.95635e-19 -0.01313 -0.0387714 0 -0.015026 -0.0396776 -4.82041e-19 -0.013381 -0.0390168 -1.80694e-19 -0.013658 -0.0392245 -2.82087e-19 -0.0230219 -0.0396965 0 -0.0226149 -0.0396776 -4.82041e-19 -0.0260792 -0.036709 -4.5363e-19 -0.026103 -0.036198 0 -0.0249705 -0.039034 -1.94289e-19 -0.0246389 -0.0392702 0 -0.0255124 -0.0384229 -4.44089e-19 -0.0252617 -0.0387515 -3.33067e-19 -0.0258891 -0.0376341 -2.08167e-19 -0.0257227 -0.0380482 0 -0.0260079 -0.0371877 -3.36536e-19 -0.0260862 -0.035744 -1.70499e-19 -0.0259521 -0.0349248 -2.95115e-19 -0.0260359 -0.0353197 -2.26576e-19 -0.025684 -0.0342239 -4.36159e-19 -0.0258348 -0.0345596 -3.74417e-19 -0.0254996 -0.0339178 -4.95635e-19 -0.0252818 -0.0336412 0 -0.0247586 -0.0331924 -2.31108e-19 -0.0250336 -0.0333981 -1.84093e-19 -0.0241275 -0.0328932 -3.72151e-19 -0.0244565 -0.0330241 -2.97381e-19 -0.0233887 -0.0327436 -4.82041e-19 -0.0237716 -0.0327997 -4.29362e-19 -0.0171696 -0.0331924 -2.05618e-19 -0.0168676 -0.0330241 -2.88885e-19 -0.0215459 -0.0330299 -3.72151e-19 -0.0222146 -0.0328012 -2.31108e-19 -0.0174447 -0.0333981 -1.83527e-19 -0.0212473 -0.0332014 -4.29362e-19 -0.0209727 -0.0334111 -4.82041e-19 -0.0218683 -0.0328965 -2.97381e-19 -0.0179107 -0.0339178 -4.95635e-19 -0.0207219 -0.0336588 0 -0.0205001 -0.0339394 -1.73331e-19 -0.0176928 -0.0336412 0 -0.018095 -0.0342239 -4.36159e-19 0.0133201 -0.0343742 -3.88578e-19 0.0171357 -0.032425 0 0.017143 -0.0321458 -1.73001e-19 0.0155795 -0.0327994 0 0.0172108 -0.0315916 -2.71935e-19 0.0171669 -0.0318675 -2.1439e-19 0.0217532 -0.0331466 -3.26899e-19 0.0144534 -0.0337487 -2.77556e-19 0.0142014 -0.0338039 -3.33067e-19 0.013959 -0.0338957 -4.44089e-19 0.0137263 -0.0340244 0 0.0135109 -0.0341853 -3.60822e-19 0.0151977 -0.0337678 -2.52884e-19 0.0129335 -0.0337654 -2.12504e-19 0.0126827 -0.0340792 0 0.0127317 -0.0340792 0 0.0171357 -0.039573 0 0.0206636 -0.0377052 0 0.0217464 -0.0395088 -4.16334e-19 0.0141935 -0.0328107 -3.33067e-19 0.0133897 -0.0332597 -4.5363e-19 0.0131528 -0.0334922 -3.36536e-19 0.0185825 -0.0311598 -5.04913e-19 0.0171357 -0.0337049 0 0.0159597 -0.0337049 0 0.0159597 -0.0331914 0 0.0171357 -0.0328112 0 0.0189849 -0.0309258 -2.17879e-19 0.0184274 -0.0313794 -1.84276e-19 0.0191 -0.0309007 -2.02132e-19 0.0183664 -0.0315181 -2.4355e-19 0.019217 -0.0308868 -1.49077e-19 0.0196364 -0.0309028 -4.07082e-19 0.0193348 -0.0308826 0 0.0199689 -0.0309636 -2.59052e-19 0.0186698 -0.0310812 -4.32639e-19 0.024526 -0.0328115 -2.71249e-19 0.0247939 -0.0328797 -3.46091e-19 0.0185521 -0.0300659 -3.89464e-19 0.0291599 -0.0331924 -2.31108e-19 0.0252946 -0.0331083 -4.71362e-19 0.019323 -0.0299751 0 0.0199703 -0.0300319 -3.33067e-19 0.0196455 -0.0299893 -2.11636e-19 0.0202972 -0.030103 -4.47559e-19 0.0183204 -0.0316623 -3.08319e-19 0.0182483 -0.0321105 -4.58286e-19 0.0182397 -0.0322617 -5.02756e-19 0.0182372 -0.0328484 0 0.0182372 -0.0324133 0 0.030485 -0.0396783 -1.85792e-19 0.0318373 -0.0396058 -3.33067e-19 0.0322494 -0.0394925 -2.77556e-19 0.0289953 -0.0355698 -4.37556e-19 0.0313696 -0.0337225 -4.16334e-19 0.0290507 -0.0352411 -3.59253e-19 0.0309416 -0.0336873 0 0.0318537 -0.0338284 -2.498e-19 0.0313831 -0.0396738 -4.44089e-19 0.0308868 -0.0396965 0 0.0307299 -0.0336945 -9.96012e-20 0.029138 -0.0349195 -2.61761e-19 0.028965 -0.0359017 -4.98496e-19 0.0297602 -0.0395327 -2.88885e-19 0.0301094 -0.0396237 -2.05618e-19 0.0305711 -0.038728 -4.71845e-19 0.030875 -0.0387459 0 0.0291402 -0.0375235 -3.93399e-19 0.0296146 -0.0382974 -1.94289e-19 0.0298149 -0.0384589 -2.22045e-19 0.030041 -0.0385845 -3.33067e-19 0.0291405 -0.0392415 -4.29362e-19 0.0294372 -0.0394053 -3.72151e-19 0.0294403 -0.0381001 0 0.0292684 -0.0378224 -4.73251e-19 0.0302931 -0.0386742 -4.16334e-19 0.0288701 -0.0390413 -4.82041e-19 0.0283852 -0.0384951 -1.88567e-19 0.028626 -0.0388047 0 0.0290517 -0.0372088 -3.0947e-19 0.0278682 -0.0354509 -2.63772e-19 0.0292652 -0.0346113 -1.83454e-19 0.0303117 -0.0337609 -2.5737e-19 0.0301099 -0.0338258 -3.18292e-19 0.0295794 -0.0341673 -5.03669e-19 0.0299176 -0.0339149 -3.66352e-19 0.0297394 -0.0340292 -4.30703e-19 0.0294403 -0.0343272 0 0.032394 -0.0340048 0 0.0326194 -0.0383539 0 0.0327291 -0.0330875 0 0.0305193 -0.0337181 -1.76531e-19 0.0294644 -0.0330241 -2.97381e-19 0.0321892 -0.0385254 -4.5363e-19 0.0289562 -0.0362352 0 0.0250526 -0.0329772 -4.09768e-19 0.0297972 -0.0328932 -3.72151e-19 0.031317 -0.0387214 -2.08167e-19 0.0289653 -0.0365617 -1.68788e-19 0.0289954 -0.0368869 -2.25322e-19 0.0301582 -0.0327997 -4.29362e-19 0.0305476 -0.0327436 -4.82041e-19 0.0309652 -0.0327249 0 0.0312908 -0.0327361 -2.52884e-19 0.0316146 -0.0327698 -4.10166e-19 0.0319363 -0.0328258 0 0.0325025 -0.032987 -4.10166e-19 0.0322383 -0.0328998 -2.52884e-19 0.031755 -0.0386479 -3.36536e-19 -0.0183001 -0.0376341 -2.12504e-19 -0.018419 -0.0371877 -3.36536e-19 -0.020039 -0.037478 -2.95115e-19 -0.0127235 -0.0342473 -2.26576e-19 -0.0129112 -0.0339394 -1.70499e-19 -0.0131329 -0.0336588 0 -0.01257 -0.0345826 -2.95115e-19 -0.0123141 -0.035753 -4.95635e-19 -0.0173815 -0.039034 -1.94289e-19 -0.0176727 -0.0387515 -3.33067e-19 -0.020719 -0.0387714 0 -0.02097 -0.0390168 -1.84093e-19 -0.021247 -0.0392245 -2.31108e-19 -0.02155 -0.0393944 -2.97381e-19 -0.0170499 -0.0392702 0 -0.016685 -0.0394567 -4.44089e-19 -0.0158765 -0.0396698 -1.94289e-19 -0.014645 -0.039621 -4.29362e-19 -0.015433 -0.0396965 0 -0.0165386 -0.0328932 -3.72151e-19 -0.0161826 -0.0327997 -4.29362e-19 -0.0157997 -0.0327436 -4.82041e-19 -0.0146256 -0.0328012 -2.31108e-19 -0.0139569 -0.0330299 -3.72151e-19 -0.0142793 -0.0328965 -2.97381e-19 -0.0133837 -0.0334111 -4.82041e-19 -0.0136584 -0.0332014 -4.29362e-19 0.043 0.045 -0.01 -0.043 0.045 -0.01 -0.045 0.043 -0.01 -0.045 -0.043 -0.01 0.043 -0.045 -0.01 -0.043 -0.045 -0.01 0.045 -0.043 -0.01 0.045 0.043 -0.01 -0.044618 -0.0441756 -0.01 -0.0441756 -0.044618 -0.01 -0.0444142 -0.0444142 -0.01 0.044618 0.0441756 -0.01 0.0441756 0.044618 -0.01 0.0444142 0.0444142 -0.01 -0.043908 -0.044782 -0.01 -0.044782 -0.043908 -0.01 -0.0449021 -0.043618 -0.01 -0.043618 -0.0449021 -0.01 -0.0433129 -0.0449754 -0.01 -0.0449754 -0.0433129 -0.01 0.043618 -0.0449021 -0.01 0.043908 -0.044782 -0.01 0.0433129 -0.0449754 -0.01 0.0441756 -0.044618 -0.01 0.0444142 -0.0444142 -0.01 0.0449754 -0.0433129 -0.01 0.0449021 -0.043618 -0.01 0.044618 -0.0441756 -0.01 0.044782 -0.043908 -0.01 0.043908 0.044782 -0.01 0.044782 0.043908 -0.01 0.0449021 0.043618 -0.01 0.043618 0.0449021 -0.01 0.0449754 0.0433129 -0.01 0.0433129 0.0449754 -0.01 -0.0433129 0.0449754 -0.01 -0.043618 0.0449021 -0.01 -0.043908 0.044782 -0.01 -0.0441756 0.044618 -0.01 -0.0444142 0.0444142 -0.01 -0.0449021 0.043618 -0.01 -0.0449754 0.0433129 -0.01 -0.044618 0.0441756 -0.01 -0.044782 0.043908 -0.01 0.015076 -0.0327332 -0.00025 0.0153393 -0.032758 -0.00025 0.0147896 -0.0327249 -0.00025 0.0155795 -0.0327994 -0.00025 0.0141935 -0.0328107 -0.00025 0.013913 -0.0329178 -0.00025 0.013644 -0.0330679 -0.00025 0.0144858 -0.0327464 -0.00025 0.0131528 -0.0334922 -0.00025 0.0129335 -0.0337654 -0.00025 0.0127317 -0.0340792 -0.00025 0.0133897 -0.0332597 -0.00025 0.0126827 -0.0340792 -0.00025 0.0125592 -0.0328484 -0.00025 0.0116537 -0.0328484 -0.00025 0.0116537 -0.039573 -0.00025 0.0127552 -0.039573 -0.00025 0.0127552 -0.0359843 -0.00025 0.0128697 -0.0351934 -0.00025 0.0127838 -0.0355762 -0.00025 0.0130129 -0.0348358 -0.00025 0.0133201 -0.0343742 -0.00025 0.0135109 -0.0341853 -0.00025 0.0137263 -0.0340244 -0.00025 0.0131542 -0.034591 -0.00025 0.0142014 -0.0338039 -0.00025 0.0144534 -0.0337487 -0.00025 0.0147151 -0.0337304 -0.00025 0.013959 -0.0338957 -0.00025 0.0151977 -0.0337678 -0.00025 0.0149547 -0.0337397 -0.00025 0.0154442 -0.0338147 -0.00025 0.0199345 -0.0337049 -0.00025 0.0182372 -0.0337049 -0.00025 0.0199345 -0.0328484 -0.00025 0.0182372 -0.0328484 -0.00025 0.0182372 -0.0324133 -0.00025 0.0182867 -0.0318099 -0.00025 0.0183204 -0.0316623 -0.00025 0.0183664 -0.0315181 -0.00025 0.0184274 -0.0313794 -0.00025 0.0185067 -0.03125 -0.00025 0.0182634 -0.0319597 -0.00025 0.0182483 -0.0321105 -0.00025 0.0182397 -0.0322617 -0.00025 0.0188733 -0.0309637 -0.00025 0.0189849 -0.0309258 -0.00025 0.0191 -0.0309007 -0.00025 0.019217 -0.0308868 -0.00025 0.0193348 -0.0308826 -0.00025 0.0187674 -0.0310154 -0.00025 0.0186698 -0.0310812 -0.00025 0.0185825 -0.0311598 -0.00025 0.0199689 -0.0309636 -0.00025 0.0196364 -0.0309028 -0.00025 0.0203324 -0.0310648 -0.00025 0.0206264 -0.0302024 -0.00025 0.0199703 -0.0300319 -0.00025 0.0196455 -0.0299893 -0.00025 0.019323 -0.0299751 -0.00025 0.0202972 -0.030103 -0.00025 0.0183058 -0.0301468 -0.00025 0.0185521 -0.0300659 -0.00025 0.0180723 -0.0302598 -0.00025 0.0178585 -0.030407 -0.00025 0.0176717 -0.0305876 -0.00025 0.018806 -0.0300131 -0.00025 0.0190636 -0.0299838 -0.00025 0.0172108 -0.0315916 -0.00025 0.0172788 -0.0313205 -0.00025 0.0171669 -0.0318675 -0.00025 0.017143 -0.0321458 -0.00025 0.0171357 -0.032425 -0.00025 0.0173758 -0.0310585 -0.00025 0.0175059 -0.0308124 -0.00025 0.0171357 -0.0328112 -0.00025 0.0159597 -0.0331914 -0.00025 0.0159597 -0.0337049 -0.00025 0.0171357 -0.0337049 -0.00025 0.0171357 -0.039573 -0.00025 0.0182372 -0.039573 -0.00025 0.0297602 -0.0395327 -0.00025 0.0294372 -0.0394053 -0.00025 0.0301094 -0.0396237 -0.00025 0.030485 -0.0396783 -0.00025 0.0308868 -0.0396965 -0.00025 0.0291405 -0.0392415 -0.00025 0.0288701 -0.0390413 -0.00025 0.028626 -0.0388047 -0.00025 0.0318373 -0.0396058 -0.00025 0.0322494 -0.0394925 -0.00025 0.0326194 -0.0393339 -0.00025 0.0313831 -0.0396738 -0.00025 0.0326194 -0.0383539 -0.00025 0.031755 -0.0386479 -0.00025 0.031317 -0.0387214 -0.00025 0.030875 -0.0387459 -0.00025 0.0321892 -0.0385254 -0.00025 0.030041 -0.0385845 -0.00025 0.0298149 -0.0384589 -0.00025 0.0296146 -0.0382974 -0.00025 0.0294403 -0.0381001 -0.00025 0.0302931 -0.0386742 -0.00025 0.0305711 -0.038728 -0.00025 0.0290517 -0.0372088 -0.00025 0.0289954 -0.0368869 -0.00025 0.0289653 -0.0365617 -0.00025 0.0289562 -0.0362352 -0.00025 0.0291402 -0.0375235 -0.00025 0.0292684 -0.0378224 -0.00025 0.0290507 -0.0352411 -0.00025 0.029138 -0.0349195 -0.00025 0.0292652 -0.0346113 -0.00025 0.0294403 -0.0343272 -0.00025 0.0289953 -0.0355698 -0.00025 0.028965 -0.0359017 -0.00025 0.0301099 -0.0338258 -0.00025 0.0303117 -0.0337609 -0.00025 0.0305193 -0.0337181 -0.00025 0.0307299 -0.0336945 -0.00025 0.0309416 -0.0336873 -0.00025 0.0299176 -0.0339149 -0.00025 0.0297394 -0.0340292 -0.00025 0.0295794 -0.0341673 -0.00025 0.0318537 -0.0338284 -0.00025 0.0313696 -0.0337225 -0.00025 0.032394 -0.0340048 -0.00025 0.0327291 -0.0330875 -0.00025 0.0322383 -0.0328998 -0.00025 0.0325025 -0.032987 -0.00025 0.0319363 -0.0328258 -0.00025 0.0312908 -0.0327361 -0.00025 0.0316146 -0.0327698 -0.00025 0.0309652 -0.0327249 -0.00025 0.0294644 -0.0330241 -0.00025 0.0297972 -0.0328932 -0.00025 0.0291599 -0.0331924 -0.00025 0.0288837 -0.0333981 -0.00025 0.0286358 -0.0336412 -0.00025 0.0301582 -0.0327997 -0.00025 0.0305476 -0.0327436 -0.00025 0.0279387 -0.035058 -0.00025 0.0280465 -0.0346737 -0.00025 0.0278682 -0.0354509 -0.00025 0.0278294 -0.0358481 -0.00025 0.0278175 -0.036247 -0.00025 0.0281967 -0.034304 -0.00025 0.0283927 -0.0339577 -0.00025 0.0280438 -0.0377912 -0.00025 0.0279377 -0.0374141 -0.00025 0.0281916 -0.0381542 -0.00025 0.0283852 -0.0384951 -0.00025 0.0278681 -0.0370286 -0.00025 0.0278291 -0.0366389 -0.00025 -0.0248651 -0.0372029 0 -0.0249231 -0.0368708 0 -0.0248666 -0.0372042 -0.00025 -0.0249242 -0.0368714 -0.00025 -0.024955 -0.0365353 0 -0.0249642 -0.036198 -1.11022e-19 -0.024955 -0.0365353 -0.00025 -0.0249642 -0.036198 -0.00025 -0.0247756 -0.0375294 -0.00025 -0.024643 -0.0378383 -0.00025 -0.0247742 -0.0375275 0 -0.0246431 -0.0378381 0 -0.0244645 -0.0381246 -0.00025 -0.0244645 -0.0381246 -5.55111e-19 -0.0244202 -0.0342183 0 -0.0245745 -0.0344303 -0.00025 -0.0245744 -0.0344302 0 -0.0242335 -0.0340346 0 -0.0244203 -0.0342193 -0.00025 -0.0242344 -0.0340357 -0.00025 -0.024018 -0.0338861 0 -0.0237808 -0.033776 0 -0.0240196 -0.0338865 -0.00025 -0.0235299 -0.0337029 0 -0.0237823 -0.0337755 -0.00025 -0.0235307 -0.0337021 -0.00025 -0.0232718 -0.0336621 0 -0.0230102 -0.03365 -1.11022e-19 -0.0232718 -0.0336621 -0.00025 -0.0230102 -0.03365 -0.00025 -0.0246968 -0.0346619 -0.00025 -0.0247905 -0.0349062 -0.00025 -0.024697 -0.0346611 0 -0.02486 -0.0351585 -0.00025 -0.0247912 -0.0349054 0 -0.0248607 -0.0351579 0 -0.0249091 -0.0354155 -0.00025 -0.024941 -0.0356752 -0.00025 -0.0249096 -0.0354151 0 -0.0249589 -0.0359362 -0.00025 -0.0249414 -0.035675 0 -0.0249589 -0.0359362 0 -0.0221532 -0.03381 0 -0.0219196 -0.0339344 0 -0.0221532 -0.03381 -0.00025 -0.0219196 -0.0339344 -0.00025 -0.021712 -0.0340944 0 -0.0215304 -0.0342899 -1.11022e-19 -0.021712 -0.0340944 -0.00025 -0.0215304 -0.0342899 -0.00025 -0.0224128 -0.0337211 -0.00025 -0.0226985 -0.0336678 -0.00025 -0.0224128 -0.0337211 0 -0.0226985 -0.0336678 0 -0.0210952 -0.0353409 0 -0.0210944 -0.0353403 -0.00025 -0.0211577 -0.0350601 -0.00025 -0.0210542 -0.0356249 0 -0.0210537 -0.0356246 -0.00025 -0.0210315 -0.0359109 -0.00025 -0.0210315 -0.0359109 0 -0.0210247 -0.036198 -1.11022e-19 -0.0210247 -0.036198 -0.00025 -0.0211586 -0.0350611 0 -0.0212483 -0.0347875 -0.00025 -0.021249 -0.0347888 0 -0.0213715 -0.0345291 -0.00025 -0.0213714 -0.0345292 0 -0.021123 -0.0372046 0 -0.0212147 -0.0375299 0 -0.0211245 -0.0372033 -0.00025 -0.021216 -0.0375279 -0.00025 -0.021348 -0.0378386 0 -0.0215275 -0.0381246 -1.11022e-19 -0.0213479 -0.0378385 -0.00025 -0.0215275 -0.0381246 -0.00025 -0.0210661 -0.0368712 -0.00025 -0.021034 -0.0365355 -0.00025 -0.0210651 -0.0368718 0 -0.021034 -0.0365355 0 -0.0221446 -0.0386185 0 -0.0224012 -0.03871 0 -0.0221446 -0.0386185 -0.00025 -0.0224012 -0.03871 -0.00025 -0.0226831 -0.0387649 0 -0.0229906 -0.0387831 -1.11022e-19 -0.0226831 -0.0387649 -0.00025 -0.0229906 -0.0387831 -0.00025 -0.0219135 -0.0384905 -0.00025 -0.0217077 -0.0383258 -0.00025 -0.0219135 -0.0384905 0 -0.0217077 -0.0383258 0 -0.020039 -0.037478 -0.00025 -0.020158 -0.0378456 -0.00025 -0.019954 -0.0370808 -0.00025 -0.019903 -0.0366542 -0.00025 -0.019886 -0.036198 -0.00025 -0.020311 -0.0381837 -0.00025 -0.020498 -0.0384923 -0.00025 -0.020719 -0.0387714 -0.00025 -0.0201589 -0.0345826 -0.00025 -0.0200395 -0.0349454 -0.00025 -0.0203125 -0.0342473 -0.00025 -0.0205001 -0.0339394 -0.00025 -0.0207219 -0.0336588 -0.00025 -0.0199542 -0.0353355 -0.00025 -0.019903 -0.035753 -0.00025 -0.0218683 -0.0328965 -0.00025 -0.0215459 -0.0330299 -0.00025 -0.0222146 -0.0328012 -0.00025 -0.0225847 -0.032744 -0.00025 -0.0229788 -0.0327249 -0.00025 -0.0212473 -0.0332014 -0.00025 -0.0209727 -0.0334111 -0.00025 -0.0244565 -0.0330241 -0.00025 -0.0241275 -0.0328932 -0.00025 -0.0247586 -0.0331924 -0.00025 -0.0250336 -0.0333981 -0.00025 -0.0252818 -0.0336412 -0.00025 -0.0237716 -0.0327997 -0.00025 -0.0233887 -0.0327436 -0.00025 -0.0259521 -0.0349248 -0.00025 -0.0258348 -0.0345596 -0.00025 -0.0260359 -0.0353197 -0.00025 -0.0260862 -0.035744 -0.00025 -0.026103 -0.036198 -0.00025 -0.025684 -0.0342239 -0.00025 -0.0254996 -0.0339178 -0.00025 -0.0260079 -0.0371877 -0.00025 -0.0258891 -0.0376341 -0.00025 -0.0257227 -0.0380482 -0.00025 -0.0260792 -0.036709 -0.00025 -0.0252617 -0.0387515 -0.00025 -0.0249705 -0.039034 -0.00025 -0.0246389 -0.0392702 -0.00025 -0.0255124 -0.0384229 -0.00025 -0.0238828 -0.0395899 -0.00025 -0.0234655 -0.0396698 -0.00025 -0.0230219 -0.0396965 -0.00025 -0.024274 -0.0394567 -0.00025 -0.02155 -0.0393944 -0.00025 -0.0218789 -0.0395266 -0.00025 -0.021247 -0.0392245 -0.00025 -0.02097 -0.0390168 -0.00025 -0.0222339 -0.039621 -0.00025 -0.0226149 -0.0396776 -0.00025 -0.0238461 -0.0386185 0 -0.0240786 -0.0384905 0 -0.0238461 -0.0386185 -0.00025 -0.0240786 -0.0384905 -0.00025 -0.0242847 -0.0383258 0 -0.0242847 -0.0383258 -0.00025 -0.0235873 -0.03871 -0.00025 -0.0233021 -0.0387649 -0.00025 -0.0235873 -0.03871 0 -0.0233021 -0.0387649 0 0.00494082 -0.0328484 -0.00025 0.00494082 -0.0371779 -0.00025 0.0038256 -0.0328484 -0.00025 0.0038256 -0.0372524 -0.00025 0.00394684 -0.0382496 -0.00025 0.00402735 -0.0384882 -0.00025 0.00413494 -0.0387158 -0.00025 0.00427255 -0.0389269 -0.00025 0.00444103 -0.0391144 -0.00025 0.00388975 -0.0380043 -0.00025 0.00385252 -0.0377553 -0.00025 0.00383183 -0.0375043 -0.00025 0.00543271 -0.0396127 -0.00025 0.00516206 -0.0395371 -0.00025 0.00570934 -0.0396616 -0.00025 0.00598893 -0.0396883 -0.00025 0.00626967 -0.0396965 -0.00025 0.00490213 -0.0394307 -0.00025 0.00466007 -0.0392902 -0.00025 0.00695444 -0.0396306 -0.00025 0.00726356 -0.0395482 -0.00025 0.00755051 -0.0394329 -0.00025 0.00662314 -0.03968 -0.00025 0.00803927 -0.0391141 -0.00025 0.00823643 -0.0389134 -0.00025 0.00840211 -0.0386852 -0.00025 0.00781063 -0.0392873 -0.00025 0.00845699 -0.0386852 -0.00025 0.00861575 -0.039573 -0.00025 0.00952321 -0.039573 -0.00025 0.00952321 -0.0328484 -0.00025 0.00841387 -0.0328484 -0.00025 0.00841387 -0.0363508 -0.00025 0.00832693 -0.0373204 -0.00025 0.00826755 -0.0375566 -0.00025 0.00818675 -0.0377863 -0.00025 0.00808004 -0.0380052 -0.00025 0.0079425 -0.0382069 -0.00025 0.00836786 -0.03708 -0.00025 0.00839446 -0.0368378 -0.00025 0.00840952 -0.0365946 -0.00025 0.00725879 -0.0386651 -0.00025 0.00705773 -0.0387207 -0.00025 0.00685233 -0.0387571 -0.00025 0.00664474 -0.038777 -0.00025 0.00643627 -0.0387831 -0.00025 0.0074523 -0.0385872 -0.00025 0.00763391 -0.0384848 -0.00025 0.0077985 -0.0383578 -0.00025 0.00574417 -0.0386746 -0.00025 0.00591247 -0.0387259 -0.00025 0.0055837 -0.0386023 -0.00025 0.00543565 -0.0385069 -0.00025 0.00530537 -0.0383882 -0.00025 0.00608525 -0.0387592 -0.00025 0.00626022 -0.0387777 -0.00025 0.00499149 -0.0377291 -0.00025 0.00503765 -0.0379081 -0.00025 0.00496182 -0.0375467 -0.00025 0.00494571 -0.0373626 -0.00025 0.00510362 -0.0380808 -0.00025 0.00519233 -0.0382421 -0.00025 0.00209325 -0.0385536 -0.00025 0.00219111 -0.0382983 -0.00025 0.00224982 -0.0380194 -0.00025 0.0022694 -0.0377169 -0.00025 0.00195624 -0.0387853 -0.00025 0.00178009 -0.0389935 -0.00025 0.00156479 -0.0391781 -0.00025 0.00222187 -0.0372786 -0.00025 0.00216246 -0.037085 -0.00025 0.00207928 -0.0369084 -0.00025 0.00225751 -0.0374893 -0.00025 0.00173215 -0.0364899 -0.00025 0.00192913 -0.0366918 -0.00025 0.00148835 -0.0363028 -0.00025 0.000759248 -0.0359239 -0.00025 0.00117247 -0.0361183 -0.00025 0.000248679 -0.0357197 -0.00025 -0.000838445 -0.0352426 -0.00025 -0.000362829 -0.0354658 -0.00025 -0.00117817 -0.0350504 -0.00025 -0.00140749 -0.0347767 -0.00025 -0.00144995 -0.0346715 -0.00025 -0.00147543 -0.0345592 -0.00025 -0.00148393 -0.0344399 -0.00025 -0.00134803 -0.034875 -0.00025 -0.0012716 -0.0349662 -0.00025 -0.00136809 -0.0340588 -0.00025 -0.00141877 -0.034144 -0.00025 -0.00130293 -0.0339802 -0.00025 -0.00122329 -0.0339083 -0.00025 -0.00112917 -0.0338431 -0.00025 -0.00145497 -0.034236 -0.00025 -0.00147669 -0.0343346 -0.00025 -0.000624226 -0.0336673 -0.00025 -0.000446505 -0.0336432 -0.00025 -0.000267686 -0.0336304 -0.00025 -8.84342e-05 -0.0336265 -0.00025 -0.000799514 -0.0337057 -0.00025 -0.000968688 -0.0337633 -0.00025 0.000783258 -0.0337333 -0.00025 0.00125696 -0.0338668 -0.00025 0.00175589 -0.0340538 -0.00025 0.000334795 -0.0336532 -0.00025 0.00212828 -0.0331777 -0.00025 0.00109391 -0.0328381 -0.00025 0.000549165 -0.0327532 -0.00025 -1.39558e-05 -0.0327249 -0.00025 0.00162028 -0.0329796 -0.00025 -0.000977014 -0.0328238 -0.00025 -0.00128792 -0.0329124 -0.00025 -0.00158623 -0.0330372 -0.00025 -0.00186416 -0.0332031 -0.00025 -0.000658931 -0.0327663 -0.00025 -0.000337351 -0.0327343 -0.00025 -0.00236983 -0.0337686 -0.00025 -0.00246347 -0.0339958 -0.00025 -0.00251966 -0.0342425 -0.00025 -0.00253838 -0.0345085 -0.00025 -0.00223873 -0.0335607 -0.00025 -0.00207017 -0.0333722 -0.00025 -0.0024933 -0.034938 -0.00025 -0.00243696 -0.0351264 -0.00025 -0.00235807 -0.0352974 -0.00025 -0.00252711 -0.034732 -0.00025 -0.0021263 -0.0356058 -0.00025 -0.00197183 -0.0357481 -0.00025 -0.00179164 -0.0358824 -0.00025 -0.00225505 -0.0354556 -0.00025 -0.00102595 -0.036277 -0.00025 -0.00147151 -0.036068 -0.00025 -0.000454947 -0.0365096 -0.00025 0.00053418 -0.0369491 -0.00025 0.000102662 -0.0367384 -0.00025 0.000839607 -0.0371417 -0.00025 0.00111229 -0.0374477 -0.00025 0.00116278 -0.0375633 -0.00025 0.00119308 -0.0376857 -0.00025 0.00120318 -0.0378149 -0.00025 0.00104159 -0.0373389 -0.00025 0.000950698 -0.0372369 -0.00025 0.00110837 -0.0382219 -0.00025 0.00103462 -0.0383371 -0.00025 0.00093981 -0.0384423 -0.00025 0.000823927 -0.0385372 -0.00025 0.00116104 -0.0380964 -0.00025 0.00119264 -0.0379608 -0.00025 0.00023894 -0.0387578 -0.00025 8.33081e-05 -0.0387812 -0.00025 -7.34848e-05 -0.0387961 -0.00025 -0.000230788 -0.0388042 -0.00025 -0.000388308 -0.0388067 -0.00025 0.00039308 -0.0387249 -0.00025 0.000544221 -0.0386795 -0.00025 0.00068824 -0.0386173 -0.00025 -0.00122435 -0.0387204 -0.00025 -0.00165201 -0.0386126 -0.00025 -0.0020861 -0.0384617 -0.00025 -0.00252662 -0.0382677 -0.00025 -0.000803114 -0.0387851 -0.00025 -0.00252662 -0.0392731 -0.00025 -0.00171179 -0.0395699 -0.00025 -0.00128261 -0.039645 -0.00025 -0.000848973 -0.0396847 -0.00025 -0.000413788 -0.0396965 -0.00025 -0.00212795 -0.0394478 -0.00025 0.000617808 -0.0395907 -0.00025 0.000950624 -0.0394952 -0.00025 0.00126935 -0.0393596 -0.00025 0.000277112 -0.0396524 -0.00025 -6.73664e-05 -0.0396865 -0.00025 -0.00712839 -0.0327332 -0.00025 -0.0068651 -0.032758 -0.00025 -0.00741476 -0.0327249 -0.00025 -0.0066249 -0.0327994 -0.00025 -0.00801084 -0.0328107 -0.00025 -0.00829142 -0.0329178 -0.00025 -0.00856036 -0.0330679 -0.00025 -0.00771862 -0.0327464 -0.00025 -0.00905157 -0.0334922 -0.00025 -0.00927091 -0.0337654 -0.00025 -0.00947272 -0.0340792 -0.00025 -0.00881473 -0.0332597 -0.00025 -0.00952172 -0.0340792 -0.00025 -0.0096452 -0.0328484 -0.00025 -0.0105507 -0.0328484 -0.00025 -0.0105507 -0.039573 -0.00025 -0.0094492 -0.039573 -0.00025 -0.0094492 -0.0359843 -0.00025 -0.00933465 -0.0351934 -0.00025 -0.00942056 -0.0355762 -0.00025 -0.00919147 -0.0348358 -0.00025 -0.00888424 -0.0343742 -0.00025 -0.00869351 -0.0341853 -0.00025 -0.00847804 -0.0340244 -0.00025 -0.00905023 -0.034591 -0.00025 -0.008003 -0.0338039 -0.00025 -0.00775096 -0.0337487 -0.00025 -0.00748924 -0.0337304 -0.00025 -0.00824536 -0.0338957 -0.00025 -0.00700666 -0.0337678 -0.00025 -0.00724969 -0.0337397 -0.00025 -0.00676014 -0.0338147 -0.00025 -0.0278611 -0.039573 -0.00025 -0.0289626 -0.039573 -0.00025 -0.0278611 -0.0300417 -0.00025 -0.0289626 -0.0300417 -0.00025 -0.0172762 -0.0372029 0 -0.0173342 -0.0368708 0 -0.0172776 -0.0372042 -0.00025 -0.0173352 -0.0368714 -0.00025 -0.017366 -0.0365353 0 -0.0173753 -0.036198 -1.11022e-19 -0.017366 -0.0365353 -0.00025 -0.0173753 -0.036198 -0.00025 -0.0171866 -0.0375294 -0.00025 -0.0170541 -0.0378383 -0.00025 -0.0171853 -0.0375275 0 -0.0170541 -0.0378381 0 -0.0168755 -0.0381246 -0.00025 -0.0168755 -0.0381246 -6.66134e-19 -0.0168313 -0.0342183 0 -0.0169855 -0.0344303 -0.00025 -0.0169854 -0.0344302 0 -0.0166445 -0.0340346 0 -0.0168314 -0.0342193 -0.00025 -0.0166454 -0.0340357 -0.00025 -0.016429 -0.0338861 0 -0.0161919 -0.033776 0 -0.0164306 -0.0338865 -0.00025 -0.0159409 -0.0337029 0 -0.0161934 -0.0337755 -0.00025 -0.0159417 -0.0337021 -0.00025 -0.0156828 -0.0336621 0 -0.0154212 -0.03365 -1.11022e-19 -0.0156828 -0.0336621 -0.00025 -0.0154212 -0.03365 -0.00025 -0.0171078 -0.0346619 -0.00025 -0.0172016 -0.0349062 -0.00025 -0.017108 -0.0346611 0 -0.017271 -0.0351585 -0.00025 -0.0172022 -0.0349054 0 -0.0172717 -0.0351579 0 -0.0173201 -0.0354155 -0.00025 -0.0173521 -0.0356752 -0.00025 -0.0173207 -0.0354151 0 -0.0173699 -0.0359362 -0.00025 -0.0173525 -0.035675 0 -0.0173699 -0.0359362 0 -0.0145642 -0.03381 0 -0.0143306 -0.0339344 0 -0.0145642 -0.03381 -0.00025 -0.0143306 -0.0339344 -0.00025 -0.014123 -0.0340944 0 -0.0139414 -0.0342899 -1.11022e-19 -0.014123 -0.0340944 -0.00025 -0.0139414 -0.0342899 -0.00025 -0.0148238 -0.0337211 -0.00025 -0.0151095 -0.0336678 -0.00025 -0.0148238 -0.0337211 0 -0.0151095 -0.0336678 0 -0.0135063 -0.0353409 0 -0.0135055 -0.0353403 -0.00025 -0.0135687 -0.0350601 -0.00025 -0.0134652 -0.0356249 0 -0.0134647 -0.0356246 -0.00025 -0.0134425 -0.0359109 -0.00025 -0.0134425 -0.0359109 0 -0.0134358 -0.036198 -1.11022e-19 -0.0134358 -0.036198 -0.00025 -0.0135697 -0.0350611 0 -0.0136594 -0.0347875 -0.00025 -0.0136601 -0.0347888 0 -0.0137825 -0.0345291 -0.00025 -0.0137825 -0.0345292 0 -0.0135341 -0.0372046 0 -0.0136257 -0.0375299 0 -0.0135355 -0.0372033 -0.00025 -0.013627 -0.0375279 -0.00025 -0.013759 -0.0378386 0 -0.0139385 -0.0381246 -1.11022e-19 -0.0137589 -0.0378385 -0.00025 -0.0139385 -0.0381246 -0.00025 -0.0134771 -0.0368712 -0.00025 -0.0134451 -0.0365355 -0.00025 -0.0134761 -0.0368718 0 -0.0134451 -0.0365355 0 -0.0145556 -0.0386185 0 -0.0148122 -0.03871 0 -0.0145556 -0.0386185 -0.00025 -0.0148122 -0.03871 -0.00025 -0.0150942 -0.0387649 0 -0.0154016 -0.0387831 -1.11022e-19 -0.0150942 -0.0387649 -0.00025 -0.0154016 -0.0387831 -0.00025 -0.0143245 -0.0384905 -0.00025 -0.0141188 -0.0383258 -0.00025 -0.0143245 -0.0384905 0 -0.0141188 -0.0383258 0 -0.01245 -0.037478 -0.00025 -0.012569 -0.0378456 -0.00025 -0.012365 -0.0370808 -0.00025 -0.012314 -0.0366542 -0.00025 -0.012297 -0.036198 -0.00025 -0.012722 -0.0381837 -0.00025 -0.012909 -0.0384923 -0.00025 -0.01313 -0.0387714 -0.00025 -0.01257 -0.0345826 -0.00025 -0.0124506 -0.0349454 -0.00025 -0.0127235 -0.0342473 -0.00025 -0.0129112 -0.0339394 -0.00025 -0.0131329 -0.0336588 -0.00025 -0.0123653 -0.0353355 -0.00025 -0.0123141 -0.035753 -0.00025 -0.0142793 -0.0328965 -0.00025 -0.0139569 -0.0330299 -0.00025 -0.0146256 -0.0328012 -0.00025 -0.0149958 -0.032744 -0.00025 -0.0153898 -0.0327249 -0.00025 -0.0136584 -0.0332014 -0.00025 -0.0133837 -0.0334111 -0.00025 -0.0168676 -0.0330241 -0.00025 -0.0165386 -0.0328932 -0.00025 -0.0171696 -0.0331924 -0.00025 -0.0174447 -0.0333981 -0.00025 -0.0176928 -0.0336412 -0.00025 -0.0161826 -0.0327997 -0.00025 -0.0157997 -0.0327436 -0.00025 -0.0183632 -0.0349248 -0.00025 -0.0182459 -0.0345596 -0.00025 -0.018447 -0.0353197 -0.00025 -0.0184973 -0.035744 -0.00025 -0.018514 -0.036198 -0.00025 -0.018095 -0.0342239 -0.00025 -0.0179107 -0.0339178 -0.00025 -0.018419 -0.0371877 -0.00025 -0.0183001 -0.0376341 -0.00025 -0.0181338 -0.0380482 -0.00025 -0.0184902 -0.036709 -0.00025 -0.0176727 -0.0387515 -0.00025 -0.0173815 -0.039034 -0.00025 -0.0170499 -0.0392702 -0.00025 -0.0179235 -0.0384229 -0.00025 -0.0162939 -0.0395899 -0.00025 -0.0158765 -0.0396698 -0.00025 -0.015433 -0.0396965 -0.00025 -0.016685 -0.0394567 -0.00025 -0.013961 -0.0393944 -0.00025 -0.01429 -0.0395266 -0.00025 -0.013658 -0.0392245 -0.00025 -0.013381 -0.0390168 -0.00025 -0.014645 -0.039621 -0.00025 -0.015026 -0.0396776 -0.00025 -0.0162571 -0.0386185 0 -0.0164896 -0.0384905 0 -0.0162571 -0.0386185 -0.00025 -0.0164896 -0.0384905 -0.00025 -0.0166957 -0.0383258 0 -0.0166957 -0.0383258 -0.00025 -0.0159983 -0.03871 -0.00025 -0.0157131 -0.0387649 -0.00025 -0.0159983 -0.03871 0 -0.0157131 -0.0387649 0 0.0240012 -0.0386271 -0.00025 0.0237101 -0.0387269 0 0.0237101 -0.0387269 -0.00025 0.0233875 -0.0387867 -0.00025 0.0233875 -0.0387867 0 0.0230332 -0.0388067 -1.11022e-19 0.0230332 -0.0388067 -0.00025 0.0240012 -0.0386271 0 0.0242606 -0.0384874 -0.00025 0.0242606 -0.0384874 0 0.0244885 -0.0383079 -0.00025 0.0244885 -0.0383079 -5.55111e-19 0.0225543 -0.0387479 0 0.022402 -0.0386948 0 0.0225551 -0.0387474 -0.00025 0.022403 -0.0386946 -0.00025 0.0222596 -0.038621 0 0.0221297 -0.0385254 -1.11022e-19 0.0222596 -0.038621 -0.00025 0.0221297 -0.0385254 -0.00025 0.0227123 -0.0387819 -0.00025 0.0228721 -0.038801 -0.00025 0.0227119 -0.0387824 0 0.0228721 -0.038801 0 0.0218886 -0.0381827 0 0.0218439 -0.0380411 0 0.0218886 -0.0381827 -0.00025 0.0218439 -0.0380411 -0.00025 0.0218172 -0.0378858 0 0.0218082 -0.0377169 -1.11022e-19 0.0218172 -0.0378858 -0.00025 0.0218082 -0.0377169 -0.00025 0.0219511 -0.0383106 -0.00025 0.0220315 -0.0384248 -0.00025 0.0219511 -0.0383106 0 0.0220315 -0.0384248 0 0.0219813 -0.0370414 0 0.0219813 -0.0370414 -0.00025 0.0219056 -0.0371874 -0.00025 0.0220787 -0.0369106 0 0.0220787 -0.0369106 -0.00025 0.0221977 -0.0367951 -0.00025 0.0221977 -0.0367951 0 0.0223384 -0.0366948 -1.11022e-19 0.0223384 -0.0366948 -0.00025 0.0219056 -0.0371874 0 0.0218515 -0.0373487 -0.00025 0.0218515 -0.0373487 0 0.0218191 -0.0375252 -0.00025 0.0218191 -0.0375252 0 0.0230367 -0.0364386 0 0.0232815 -0.0363938 0 0.0232811 -0.0363932 -0.00025 0.0235281 -0.0363613 -0.00025 0.0235283 -0.0363621 0 0.0237762 -0.0363401 -0.00025 0.0237762 -0.0363401 0 0.0240249 -0.0363273 -1.11022e-19 0.0240249 -0.0363273 -0.00025 0.0230363 -0.036438 -0.00025 0.0227942 -0.0364984 -0.00025 0.0227957 -0.0365004 0 0.0225613 -0.0365835 0 0.0225612 -0.0365835 -0.00025 0.0250186 -0.0362842 -5.55112e-20 0.0250186 -0.0362842 -0.00025 0.0250186 -0.0368898 -0.00025 0.0250186 -0.0368898 0 0.0253068 -0.039573 -0.00025 0.0250912 -0.0386166 -0.00025 0.0261084 -0.039573 -0.00025 0.0261084 -0.0349906 -0.00025 0.0259895 -0.0340673 -0.00025 0.025911 -0.0338475 -0.00025 0.0258068 -0.0336385 -0.00025 0.0256746 -0.0334459 -0.00025 0.0255145 -0.0332757 -0.00025 0.0260454 -0.034294 -0.00025 0.026082 -0.0345245 -0.00025 0.0261023 -0.0347571 -0.00025 0.024526 -0.0328115 -0.00025 0.0247939 -0.0328797 -0.00025 0.0242531 -0.0327677 -0.00025 0.0239778 -0.0327439 -0.00025 0.0237016 -0.0327367 -0.00025 0.0250526 -0.0329772 -0.00025 0.0252946 -0.0331083 -0.00025 0.0229119 -0.0328051 -0.00025 0.0233081 -0.0327538 -0.00025 0.0225128 -0.0328905 -0.00025 0.0217532 -0.0331466 -0.00025 0.0221227 -0.0330058 -0.00025 0.0214045 -0.0333129 -0.00025 0.0217416 -0.03414 -0.00025 0.0221721 -0.0339533 -0.00025 0.0226324 -0.0337853 -0.00025 0.0232918 -0.0336441 -0.00025 0.0229557 -0.0336971 -0.00025 0.0236408 -0.0336265 -0.00025 0.0242102 -0.0336989 -0.00025 0.0243459 -0.0337468 -0.00025 0.0244749 -0.0338106 -0.00025 0.0245939 -0.0338917 -0.00025 0.0246992 -0.0339901 -0.00025 0.0240703 -0.0336648 -0.00025 0.0239281 -0.0336426 -0.00025 0.0237848 -0.0336302 -0.00025 0.0249851 -0.0346066 -0.00025 0.0249437 -0.0344396 -0.00025 0.0250117 -0.0347766 -0.00025 0.025026 -0.034948 -0.00025 0.0250304 -0.03512 -0.00025 0.024884 -0.0342781 -0.00025 0.0248031 -0.0341271 -0.00025 0.0250304 -0.0355179 -0.00025 0.0238917 -0.035561 -0.00025 0.0217696 -0.0359779 -0.00025 0.0215307 -0.0361081 -0.00025 0.0213085 -0.0362655 -0.00025 0.0211107 -0.0364523 -0.00025 0.0209449 -0.0366675 -0.00025 0.0208163 -0.0369071 -0.00025 0.0207279 -0.0371648 -0.00025 0.0206786 -0.0374331 -0.00025 0.0206636 -0.0377052 -0.00025 0.02202 -0.0358715 -0.00025 0.0222782 -0.0357855 -0.00025 0.0225417 -0.0357172 -0.00025 0.0228087 -0.0356639 -0.00025 0.0230778 -0.0356233 -0.00025 0.0233483 -0.0355935 -0.00025 0.0236197 -0.035573 -0.00025 0.0208045 -0.038547 -0.00025 0.0209141 -0.0387801 -0.00025 0.0210549 -0.0389895 -0.00025 0.0212271 -0.0391751 -0.00025 0.0207262 -0.0382901 -0.00025 0.0206793 -0.0380095 -0.00025 0.0217464 -0.0395088 -0.00025 0.0220575 -0.0396131 -0.00025 0.0224028 -0.0396756 -0.00025 0.0227823 -0.0396965 -0.00025 0.0214696 -0.0393628 -0.00025 0.02368 -0.0395968 -0.00025 0.0232602 -0.0396716 -0.00025 0.0240416 -0.0394721 -0.00025 0.0245412 -0.039146 -0.00025 0.0247915 -0.0389067 -0.00025 0.0250422 -0.0386166 -0.00025 0.0242912 -0.0393344 -0.00025 0.0248861 -0.0377039 0 0.024783 -0.0379286 0 0.0248861 -0.0377039 -0.00025 0.024783 -0.0379286 -0.00025 0.0246505 -0.0381299 0 0.0246505 -0.0381299 -0.00025 0.0249597 -0.0374559 -0.00025 0.0250039 -0.0371846 -0.00025 0.0249597 -0.0374559 0 0.0250039 -0.0371846 0 -0.0301817 -0.0337049 -0.00025 -0.031879 -0.0337049 -0.00025 -0.0301817 -0.0328484 -0.00025 -0.031879 -0.0328484 -0.00025 -0.031879 -0.0324133 -0.00025 -0.0318295 -0.0318099 -0.00025 -0.0317957 -0.0316623 -0.00025 -0.0317497 -0.0315181 -0.00025 -0.0316887 -0.0313794 -0.00025 -0.0316095 -0.03125 -0.00025 -0.0318528 -0.0319597 -0.00025 -0.0318679 -0.0321105 -0.00025 -0.0318765 -0.0322617 -0.00025 -0.0312429 -0.0309637 -0.00025 -0.0311313 -0.0309258 -0.00025 -0.0310162 -0.0309007 -0.00025 -0.0308991 -0.0308868 -0.00025 -0.0307814 -0.0308826 -0.00025 -0.0313487 -0.0310154 -0.00025 -0.0314464 -0.0310812 -0.00025 -0.0315337 -0.0311598 -0.00025 -0.0301472 -0.0309636 -0.00025 -0.0304798 -0.0309028 -0.00025 -0.0297838 -0.0310648 -0.00025 -0.0294898 -0.0302024 -0.00025 -0.0301459 -0.0300319 -0.00025 -0.0304706 -0.0299893 -0.00025 -0.0307932 -0.0299751 -0.00025 -0.0298189 -0.030103 -0.00025 -0.0318104 -0.0301468 -0.00025 -0.0315641 -0.0300659 -0.00025 -0.0320439 -0.0302598 -0.00025 -0.0322577 -0.030407 -0.00025 -0.0324444 -0.0305876 -0.00025 -0.0313102 -0.0300131 -0.00025 -0.0310526 -0.0299838 -0.00025 -0.0329054 -0.0315916 -0.00025 -0.0328373 -0.0313205 -0.00025 -0.0329493 -0.0318675 -0.00025 -0.0329732 -0.0321458 -0.00025 -0.0329805 -0.032425 -0.00025 -0.0327404 -0.0310585 -0.00025 -0.0326102 -0.0308124 -0.00025 -0.0329805 -0.0328112 -0.00025 -0.0341565 -0.0331914 -0.00025 -0.0341565 -0.0337049 -0.00025 -0.0329805 -0.0337049 -0.00025 -0.0329805 -0.039573 -0.00025 -0.031879 -0.039573 -0.00025</float_array>
          <technique_common>
            <accessor count="1572" source="#verts-array-array" stride="3">
              <param type="float" name="X" />
              <param type="float" name="Y" />
              <param type="float" name="Z" />
            </accessor>
          </technique_common>
        </source>
        <source id="normals-array">
          <float_array count="4716" id="normals-array-array">-0.0280721 0.7151721 0.6983844 -0.1132812 0.7150426 0.6898416 -0.2237335 0.688473 0.6898901 0.5856584 -0.425543 0.6898677 0.7151721 -0.0280721 0.6983844 0.5118953 -0.5118953 0.6898741 -0.3286601 0.6450452 0.6898545 -0.5118953 0.5118953 0.6898741 -0.425543 0.5856584 0.6898677 -0.5856584 0.425543 0.6898677 -0.7151721 0.0280721 0.6983844 -0.688473 0.2237335 0.6898901 -0.6450452 0.3286601 0.6898545 -0.7150426 0.1132812 0.6898416 -0.6989959 -0.03959733 0.7140285 -0.7040832 -0.009195434 0.710058 0.678358 -0.1556253 0.7180607 -0.3286601 -0.6450452 0.6898545 -0.5856584 -0.425543 0.6898677 -0.425543 -0.5856584 0.6898677 -0.5118953 -0.5118953 0.6898741 -0.2237335 -0.688473 0.6898901 -0.6450452 -0.3286601 0.6898545 -0.688473 -0.2237335 0.6898901 -0.1132812 -0.7150426 0.6898416 -0.7150426 -0.1132812 0.6898416 -0.0280721 -0.7151721 0.6983844 -0.7151721 -0.0280721 0.6983844 0.2237335 -0.688473 0.6898901 0.0280721 -0.7151721 0.6983844 0.1132812 -0.7150426 0.6898416 0.4043035 -0.294196 0.8660181 0.5838418 -0.3668955 0.724235 0.3286601 -0.6450452 0.6898545 0.425543 -0.5856584 0.6898677 0.688473 -0.2237335 0.6898901 0.7150426 -0.1132812 0.6898416 0.6450452 -0.3286601 0.6898545 0.3465008 -0.5956882 0.7246328 0.2590674 -0.6410934 0.722415 -0.2054538 0.3895655 0.8977903 0.160818 0.6987716 0.6970335 -0.3015113 -0.3015113 0.904534 0.1132812 0.7150426 0.6898416 0.688473 0.2237335 0.6898901 0.2237335 0.688473 0.6898901 0.0280721 0.7151721 0.6983844 0.7151721 0.0280721 0.6983844 0.7150426 0.1132812 0.6898416 0.425543 0.5856584 0.6898677 0.5856584 0.425543 0.6898677 0.5118953 0.5118953 0.6898741 0.3286601 0.6450452 0.6898545 0.6450452 0.3286601 0.6898545 0.3015113 0.3015113 0.904534 -0.3015113 0.3015113 0.904534 -0.1731939 0.6665692 0.7250444 0.2994474 0.3744665 0.8775569 -0.2788106 0.6275232 0.7269658 -0.1188883 0.7077327 0.696405 -0.1926003 0.693086 0.6946487 -0.6395166 0.3343852 0.6922464 -0.5868705 0.4225747 0.6906617 -0.361012 0.625264 0.6918925 -0.5192226 0.5017955 0.6918158 -0.5773503 0.5773503 0.5773503 -0.3015113 0.3015113 0.904534 -0.07891428 0.6880553 0.7213545 -0.3015113 0.3015113 0.904534 0.5773503 0.5773503 0.5773503 0.3015113 0.3015113 0.904534 0.6827277 -0.1397787 0.7171784 0.6634606 -0.2053602 0.719477 0.6495222 -0.4726323 0.5956002 0.70408 -0.009204789 0.710061 0.6991872 -0.03913225 0.7138669 -0.7073908 0.09036247 0.7010227 -0.7020733 0.1348142 0.6992268 0.6936343 -0.08485694 0.7153116 -0.6721362 0.2541934 0.6954269 -0.05502203 0.7140379 0.6979416 0.01121061 0.7181932 0.6957534 0.08887244 0.7139699 0.6945132 0.631352 -0.2822727 0.7222997 -0.2746993 0.6664634 0.693085 -0.4444356 0.5692764 0.6916656 0.1792211 -0.6704726 0.7199627 0.1103727 -0.6876754 0.7175795 0.517332 -0.4525893 0.726313 0.4354002 -0.5319917 0.726231 0.1401918 0.7024874 0.6977519 0.02892477 -0.705809 0.7078115 0.2047812 0.6882181 0.6960032 -0.003652729 -0.6981589 0.7159336 0.05117383 -0.696029 0.7161877 -0.06072696 -0.6944591 0.716965 -0.1195588 -0.68712 0.7166392 0.3015113 -0.3015113 0.904534 -0.3015113 -0.3015113 0.904534 -0.3714718 -0.1907839 0.908631 0.3015113 0.3015113 0.904534 0.5758035 -0.3813804 0.7231869 -0.5952907 -0.3504048 0.7230805 -0.6376841 -0.2716887 0.7207941 -0.6909093 0.1889526 0.6978117 -0.7096955 0.05569008 0.702304 -0.7111118 0.02607958 0.7025951 -0.7089286 0.005844192 0.7052561 -0.5773503 -0.5773503 0.5773503 -0.3015113 0.3015113 0.904534 0.4109537 -0.1591029 0.8976655 -0.3015113 -0.3015113 0.904534 0.158956 0.3897 0.9071201 0.3669521 -0.5883546 0.720545 0.3029144 -0.6264383 0.7182046 -0.3754667 0.5794222 0.7233911 0.5042906 0.6306281 0.5899145 -0.3249654 0.7103299 0.6243628 -0.5044065 0.4796738 0.7179743 -0.6602448 0.1946972 0.7253756 -0.6187635 0.2989179 0.7264846 0.6431687 0.2595102 0.7204086 -0.5998998 0.4002514 0.6927619 0.05501118 0.713373 0.6986221 -0.0111448 0.7188368 0.6950895 -0.7017923 -0.1472477 0.6969976 -0.04860118 -0.7136649 0.6987992 -0.7097252 -0.08865405 0.6988781 -0.4490359 0.5284103 0.7205202 0.001027594 0.6946456 0.7193514 0.04455666 -0.7130271 0.6997193 0.09669138 -0.7093081 0.6982355 -0.7099988 -0.009396923 0.7041402 0.08087441 0.6878556 0.7213279 -0.4054987 0.5563435 0.7252949 0.4726654 0.4997518 0.7258344 -0.4882263 0.4850282 0.7255224 -0.2414017 0.334456 0.9109689 -0.715652 0.1048067 0.6905489 -0.7143821 0.02503639 0.6993078 -0.1729982 -0.6974561 0.6954327 -0.1055519 -0.7086095 0.6976613 -0.6853418 -0.2185 0.6946685 -0.6839173 0.0936296 0.7235265 0.6693462 0.1903351 0.7181561 -0.6934554 0.00431481 0.7204866 0.6948567 0.08049559 0.714629 -0.3714448 -0.1907899 0.9086407 0.1178777 -0.6876038 0.7164536 0.0599559 -0.69466 0.7168353 0.3124502 -0.6500326 0.6926995 0.3991867 -0.6022997 0.6912923 0.6249869 -0.3628658 0.6911728 -0.7221634 -0.000895297 0.6917219 -0.7156021 -0.1060471 0.6904112 -0.4477837 0.5650941 0.6929346 -0.0005022534 -0.7137221 0.7004288 0.6101376 -0.3151458 0.7269218 0.5487649 -0.413815 0.7263706 -0.3511866 -0.2581313 0.9000201 -0.1508557 0.703057 0.6949485 0.09088966 -0.6966439 0.7116364 0.064997 -0.70019 0.7109918 0.1565395 -0.6829139 0.7135293 0.198335 -0.670587 0.7148261 0.03995569 0.712684 0.7003463 0.04200429 -0.7022939 0.7106468 0.6093382 0.390869 0.6898757 0.3642538 0.623467 0.6918151 0.08597444 0.7094656 0.6994762 0.4520758 0.5649416 0.6902669 0.5385025 0.4858588 0.6884449 0.6873682 0.2115278 0.6948244 0.7025587 0.1417644 0.6973623 0.6583367 0.2963388 0.6919365 0.7124229 0.03880081 0.7006769 0.709951 0.08504705 0.699097 0.7099049 0.009081625 0.7042389 0.5871377 -0.5653359 0.5793657 0.09874177 -0.6828126 0.7238902 0.3015113 -0.3015113 0.904534 0.5168963 -0.458013 0.7232166 0.2799671 0.6634587 0.6938595 -0.008835309 0.7154112 0.6986478 -0.07417053 0.7148111 0.6953731 -0.2172414 0.6825372 0.6978174 -0.04296468 -0.6983265 0.7144887 0.6314228 -0.2823089 0.7222236 0.01449678 -0.6953878 0.7184885 0.1210588 -0.6911824 0.7124687 -0.2644284 0.662853 0.7005023 0.3965436 -0.5640785 0.7242711 0.3109452 -0.6164252 0.7234176 0.2469149 -0.652697 0.7162539 0.4377518 -0.534118 0.7232505 -0.2054755 0.3895734 0.8977819 0.2234452 -0.6615505 0.7158374 0.1721429 -0.676727 0.7158264 -0.3024658 -0.3343291 0.8926021 0.1976142 -0.6607344 0.72414 0.2291776 -0.654275 0.7206954 0.4353493 -0.5320752 0.7262003 -0.3015113 -0.3015113 0.904534 0.3015113 -0.3015113 0.904534 0.09872833 -0.6828233 0.7238819 0.5172474 -0.4526359 0.7263442 -0.3024657 -0.3343343 0.8926002 0.006068439 -0.6990878 0.7150101 -0.03929323 -0.6991042 0.7139393 0.2590665 -0.6410934 0.7224152 -0.3015113 -0.3015113 0.904534 0.3464999 -0.5956894 0.7246323 -0.08550797 -0.6934587 0.7154044 -0.007380327 -0.6979211 0.7161366 -0.3610898 0.6253197 0.6918016 -0.5867056 0.4227024 0.6907236 -0.2745622 0.6664785 0.6931248 0.4494326 -0.5251324 0.7226662 -0.460178 -0.5107985 0.7261688 -0.5365375 -0.4322687 0.724756 0.1103731 -0.6876752 0.7175797 0.05117383 -0.696029 0.7161877 -0.6835202 -0.13828 0.7167138 0.6566233 -0.2246856 0.7199738 0.6229455 -0.3012782 0.7219212 -0.6658298 -0.2004281 0.7186788 0.6979275 -0.04444703 0.7147879 0.7002956 -8.131545e-05 0.713853 -0.6937883 -0.08524976 0.7151156 0.656452 0.2251942 0.7199711 0.6782468 0.1562645 0.7180269 0.6912585 0.09683706 0.7160896 0.6975748 0.04517259 0.7150866 0.6225359 0.3019309 0.722002 -0.4341871 0.2862816 0.854122 -0.3015113 0.3015113 0.904534 0.1715857 0.6684293 0.7237131 -0.3015113 0.3015113 0.904534 -0.1751873 -0.6756231 0.7161304 0.6479682 -0.2488028 0.719885 -0.6123065 -0.3253337 0.7205822 -0.6461793 -0.2534241 0.7198809 -0.6917219 0.2145857 0.6895461 0.1079641 0.7069269 0.6989979 -0.06997752 -0.6913813 0.7190932 -0.0009941532 -0.6962066 0.7178407 0.09670569 -0.6911835 0.7161797 0.1573879 -0.6776036 0.7183888 0.01449094 -0.6953892 0.7184872 -0.04296696 -0.6983264 0.7144887 -0.6912111 -0.2163709 0.6895004 -0.6477568 -0.324006 0.6895152 -0.5885845 -0.4208667 0.6902459 -0.519746 -0.5013862 0.6917195 -0.3675836 0.6221643 0.6912264 -0.2054506 -0.6866238 0.6973793 0.2676999 0.6547836 0.7068205 0.2812438 0.6423103 0.7129792 -0.3035929 0.6556315 0.69136 -0.1027972 0.715434 0.6910767 -0.2058995 0.6929089 0.6910012 -0.6498655 0.315587 0.691433 -0.391521 0.6063813 0.6921077 -0.4712343 0.5471437 0.691789 0.3772793 -0.5789266 0.7228446 0.2919735 -0.6252959 0.7237103 -0.541825 0.4769719 0.692043 0.3783469 -0.6931567 0.6135042 0.5639451 -0.4060204 0.719106 -0.5451766 -0.6026083 0.5827913 -0.6051641 -0.3970596 0.6900146 -0.5332745 -0.4920319 0.68813 -0.4419591 -0.5745807 0.6888608 -0.3453277 -0.6353376 0.6907205 -0.6550859 -0.3034947 0.6919202 -0.2536757 -0.6747805 0.6930511 -0.3015113 0.3015113 0.904534 0.3015113 0.3015113 0.904534 0.1767095 0.6677671 0.7230912 -0.2186177 0.657411 0.7211221 -0.1403863 0.679655 0.7199727 -0.0009899298 -0.6962081 0.7178393 -0.06998703 -0.6913738 0.7190995 0.4515594 -0.5241787 0.7220325 0.5140548 -0.4652116 0.7206426 0.04140063 0.6985099 0.7144018 0.02392545 -0.7106631 0.7031256 0.292421 0.6516561 0.6998816 -0.01291764 -0.7144698 0.699547 0.5762316 -0.4393964 0.6891211 0.642333 -0.3371902 0.6882667 0.6898229 -0.2233734 0.6886571 -0.231573 0.6528926 0.7211832 0.3050288 0.6199936 0.7228868 -0.3163353 0.6127431 0.7242085 0.389877 0.568522 0.7244161 0.7232239 0.002133311 0.6906103 0.7154107 0.1157055 0.6890572 0.574966 0.4389646 0.6904521 0.7157252 -0.1085618 0.6898925 0.5052959 0.515168 0.6922991 0.429072 0.581661 0.6910627 0.4992264 -0.523426 0.6905058 0.225041 0.6560272 0.720406 0.6380399 0.3436251 0.6890768 0.6867479 -0.2066322 0.6969078 0.1583772 -0.6997211 0.6966398 0.6639602 -0.2775258 0.6943603 0.6866783 0.2330801 0.688583 0.6670828 -0.1746675 0.724218 -0.5773503 0.5773503 0.5773503 -0.5998774 0.4002018 0.69281 0.05501351 0.7133752 0.6986196 -0.01114971 0.7188365 0.6950898 0.6735076 0.1582122 0.7220502 0.689718 0.07518487 0.7201641 0.3267025 -0.6423947 0.6932492 0.4143187 -0.5931335 0.6903135 -0.140774 0.6795665 0.7199806 0.3010922 0.3597109 0.8831487 -0.2188087 0.657439 0.7210386 -0.06757189 0.6920386 0.7186909 0.1778836 -0.6936017 0.6980502 0.3499554 0.6279678 0.695117 0.1276335 -0.7023466 0.7002992 -0.0006134893 0.7006977 0.7134581 0.1577589 0.6758663 0.7199422 0.09200631 0.6915523 0.7164427 0.1734278 -0.2658772 0.9482785 0.2368156 0.6503875 0.721744 0.4367676 0.2854695 0.8530775 0.08677972 -0.707834 0.701028 0.05199198 -0.7100145 0.7022651 0.2466025 -0.6761135 0.6943038 -0.07326827 -0.7143066 0.695987 -0.1422962 -0.7031804 0.696627 0.4989693 0.4814343 0.7205905 0.5535886 0.4147057 0.7221903 -0.5954805 -0.3434609 0.726249 0.7042485 0.00870752 0.7099001 -0.5302591 -0.4372958 0.7263592 0.381864 0.5791137 0.7202828 0.3231311 0.6176488 0.717005 -0.2620187 -0.6662459 0.6981853 0.2230433 0.6806929 0.6977886 0.1606509 0.6995883 0.6962524 -0.2674246 -0.6561713 0.7056368 0.0860388 0.7142971 0.6945336 -0.2878783 -0.651344 0.702052 -0.3283651 -0.6356644 0.6986466 -0.1248135 0.705019 0.6981188 -0.1931959 0.6929006 0.6946684 0.4437233 0.5349461 0.718987 -0.4266761 -0.5924281 0.6833568 0.6039879 0.3336826 0.723778 -0.521641 0.5000815 0.6912375 -0.7156738 0.1028504 0.6908203 -0.702051 0.1345742 0.6992955 -0.7073882 0.09036216 0.7010254 0.6458373 0.244137 0.7233887 -0.6925806 0.2110919 0.6897625 -0.5914168 0.4172312 0.6900321 0.6744262 0.1555155 0.7217785 0.6900828 0.07379304 0.7199585 -0.6504726 0.3188395 0.6893669 0.583867 -0.3667813 0.7242726 0.6929728 -0.006887599 0.7209309 0.6815175 -0.1009828 0.7248009 0.6550776 -0.2079932 0.7263691 0.3015113 -0.3015113 0.904534 0.4767428 -0.4973429 0.7248216 -0.2775076 0.6659891 0.6924219 -0.1438394 -0.6794754 0.7194605 0.3015113 -0.3015113 0.904534 -0.07104839 -0.6913268 0.7190406 0.04479509 -0.697604 0.7150818 -0.0921114 -0.6921572 0.7158448 -0.3860613 -0.1625551 0.9080377 -0.1722795 0.4017074 0.899417 -0.6732063 -0.1595146 0.7220446 -0.689462 -0.07606405 0.7203169 0.6995145 0.03744966 0.7136365 0.01477286 0.7162432 0.6976944 -0.03320121 0.7118402 0.7015563 -0.07350574 0.7102995 0.7000511 -0.2792104 -0.642244 0.7138377 -0.3243598 -0.6167226 0.7172475 -0.3861256 -0.5746973 0.721547 -0.4583252 -0.516131 0.7235653 -0.6438864 -0.2489739 0.7234793 -0.2165977 -0.6597439 0.7195995 0.6633843 -0.2053325 0.7195553 -0.09211015 -0.692157 0.7158452 -0.5600146 0.3982029 0.7265109 0.5463764 0.4195556 0.7248765 0.6032964 0.3371723 0.7227367 -0.7126676 -0.04057787 0.7003273 0.6854792 0.1307947 0.7162479 -0.1580735 0.6772575 0.7185646 0.1543421 0.6784698 0.718232 -0.378216 0.5781703 0.7229605 -0.2986513 0.6243321 0.721815 0.5772842 -0.3737213 0.7259996 0.5106337 -0.461802 0.7252532 -0.455587 0.5180862 0.7238972 -0.7143728 0.02500115 0.6993186 -0.2413958 0.3344738 0.910964 -0.7156657 0.1047637 0.6905412 0.5398113 0.427635 0.7250738 0.5994787 0.3398533 0.7246551 0.6440647 0.248089 0.7236246 -0.09662447 0.6910964 0.7162748 0.3716403 0.5772213 0.7271169 0.4640689 0.5074619 0.726032 -0.6917266 0.2145962 0.6895381 -0.6498412 0.3156684 0.6914187 0.68743 -0.08177239 0.7216324 0.6304759 -0.2751693 0.7257975 0.5633146 -0.4557529 0.6891778 0.4840088 -0.5375977 0.6904522 0.2305558 -0.6814267 0.6946234 0.7002899 -0.1474085 0.6984731 0.7067675 -0.098889 0.7005003 0.7097693 -0.06091684 0.7017953 0.7114259 -0.02835978 0.7021887 0.7090753 -0.006325689 0.7051044 0.2919832 -0.6253169 0.7236882 0.3772751 -0.5788962 0.7228711 -0.04454542 0.6976552 0.7150475 0.04348341 0.6981704 0.7146099 0.5195341 0.6206807 0.5872306 -0.5264355 0.4454322 0.7241932 -0.3571223 0.7006022 0.6177542 0.09399148 0.6915449 0.7161922 0.3015113 0.3015113 0.904534 -0.3015113 0.3015113 0.904534 -0.3015113 0.3015113 0.904534 -0.006091885 0.6983398 0.7157404 0.1767017 0.6677846 0.7230769 0.2689561 0.6355494 0.7236986 -0.6706147 -0.1831507 0.7188406 0.6719346 -0.1787094 0.7187258 0.08603032 0.6866143 0.7219138 -0.6864231 -0.116875 0.717749 -0.6951838 -0.05580732 0.7166624 0.6956421 -0.05393773 0.7163608 0.6872613 -0.1134146 0.7175019 -0.6870225 0.1143286 0.7175855 0.6920857 0.06741237 0.7186606 -0.6955422 0.05444376 0.7164195 -0.6984147 -0.0003270073 0.7156933 0.6974751 0.003407697 0.7166009 0.5770137 0.3794266 0.7232501 -0.6132128 0.3230536 0.7208373 -0.5686755 0.395149 0.7214329 0.624042 0.2988783 0.7219719 -0.6473447 0.250348 0.7199102 -0.6983882 -0.0004050773 0.715719 -0.6706142 -0.1831514 0.7188408 -0.6864231 -0.116875 0.717749 -0.6955419 0.05444449 0.7164197 -0.6870227 0.1143294 0.7175853 -0.6715089 0.1800355 0.7187928 -0.6473447 0.2503471 0.7199105 -0.2185873 0.6574345 0.7211099 -0.2988472 0.6241376 0.721902 -0.6132128 0.3230536 0.7208373 -0.5686749 0.3951494 0.7214332 -0.5143563 0.463289 0.7216653 -0.06730423 0.6921003 0.7186566 -0.4502724 0.5251808 0.7221079 -0.3773912 0.579535 0.7222985 0.004763868 0.6946967 0.719287 -0.06730427 0.6921003 0.7186566 0.6920548 0.06747984 0.718684 0.6974498 0.003331846 0.7166259 0.4411675 0.5295673 0.7245203 0.3580505 0.5896575 0.7239502 0.5770702 0.3793838 0.7232274 0.5156101 0.45786 0.7242309 0.6574324 0.218665 0.7210882 0.6240336 0.298956 0.721947 0.6796353 0.1405862 0.7199524 0.6956613 -0.05401671 0.7163362 0.6719345 -0.1787077 0.7187264 0.6872624 -0.1134147 0.7175009 0.6140586 -0.3214013 0.7208559 0.6480273 -0.2487328 0.719856 0.5697347 -0.3936451 0.7214194 0.51503 -0.4622096 0.721877 0.376145 -0.580114 0.7224836 0.4500357 -0.525049 0.7223513 0.2165008 -0.6581782 0.7210609 0.2968881 -0.6249845 0.7219777 0.06634356 -0.6923372 0.7185177 0.1387127 -0.6801191 0.7198588 0.3761571 -0.580152 0.7224469 0.2969243 -0.6249479 0.7219945 -0.3052409 -0.6210272 0.7219094 -0.1452399 -0.6782889 0.7202982 0.4500132 -0.5250086 0.7223947 -0.3830109 -0.5760581 0.7221217 -0.4541975 -0.522394 0.7216711 -0.224725 -0.6551572 0.7212959 0.5696926 -0.3936073 0.7214732 -0.5161035 -0.4621086 0.7211747 -0.5686908 -0.3958236 0.7210509 0.515063 -0.4622493 0.721828 0.6141099 -0.3214313 0.7207988 -0.5418786 0.4769807 0.691995 0.7040808 -0.009202452 0.7100602 0.6991874 -0.0391276 0.7138669 -0.3511825 -0.2581125 0.9000271 0.6827918 -0.1396723 0.7171381 0.6936328 -0.08485673 0.7153131 0.2746376 -0.6414428 0.7163276 -0.1028115 0.7154348 0.6910737 -0.2058895 0.6929025 0.6910106 -0.3035635 0.6556471 0.6913582 -0.3915676 0.6063748 0.6920869 -0.471204 0.5471238 0.6918254 0.1079745 0.7069254 0.6989978 0.5639749 -0.4059929 0.7190981 -0.5451715 -0.6026121 0.5827922 0.3783555 -0.6931535 0.6135025 0.3015113 0.3015113 0.904534 0.6946994 -0.001222887 0.7192991 0.2707022 0.632442 0.7257668 0.1976212 -0.6607129 0.7241577 0.4515812 -0.5242017 0.7220021 0.5140266 -0.4652032 0.7206681 -0.5192247 0.5017968 0.6918134 0.5773503 0.5773503 0.5773503 0.3015113 0.3015113 0.904534 0.4043035 -0.294196 0.8660181 0.6495222 -0.4726323 0.5956002 -0.1926003 0.693086 0.6946487 -0.6394709 0.334596 0.6921867 -0.1189221 0.7077162 0.696416 -0.6721359 0.2541976 0.6954257 -0.05504817 0.7140499 0.6979272 0.08889187 0.713973 0.6945075 0.01122149 0.7181898 0.6957568 0.1608089 0.6987604 0.697047 -0.4445375 0.5691331 0.6917181 -0.1412815 -0.6821979 0.717388 -0.2083515 -0.6621478 0.7198264 0.1792209 -0.6704731 0.7199623 0.374481 -0.5810049 0.7226322 -0.3738189 -0.5786515 0.7248599 -0.003657416 -0.6981572 0.7159351 -0.1195652 -0.6871065 0.7166511 -0.06071857 -0.6944661 0.7169589 -0.1751847 -0.6756419 0.7161133 -0.6910348 0.1887509 0.6977421 -0.7096981 0.05569027 0.7023013 -0.7111106 0.02607517 0.7025965 -0.5773503 -0.5773503 0.5773503 -0.7089286 0.005844192 0.7052561 0.06585156 0.6924786 0.7184267 -0.1434442 0.6781165 0.7208202 -0.2282621 0.6522692 0.7228011 -0.7095067 0.09204311 0.6986618 0.1068991 0.7135326 0.6924188 -0.7011286 0.1538603 0.6962368 0.01729799 0.7194925 0.6942847 0.1883848 0.6928833 0.6960057 -0.06743292 0.6918675 0.7188686 -0.0001540447 0.696574 0.7174849 -0.05205051 0.7137378 0.6984763 -0.6822928 0.2323652 0.6931688 -0.7130073 0.04190776 0.6999031 0.2149034 0.6588295 0.720944 0.1376797 0.6804355 0.7197581 -0.08993408 -0.715766 0.692525 -0.001246727 -0.7195066 0.6944845 -0.6800548 -0.2402985 0.6926631 -0.5010598 -0.5241433 0.6886312 -0.4052774 -0.6016248 0.6883298 -0.2984775 -0.6604499 0.6889971 0.3736762 0.5818605 0.7223604 0.2947973 0.626089 0.7218775 -0.5821242 -0.4324503 0.6885624 -0.6414962 -0.3337482 0.6907205 -0.1904814 -0.697752 0.6905497 0.4473993 0.5273497 0.7223131 0.5738921 0.3832289 0.7237289 0.5141845 0.4611007 0.7231877 -0.7002342 -0.1592673 0.6959209 0.691273 -0.09562538 0.7162384 -0.6451687 0.3292537 0.6894559 -0.1828771 0.6951879 0.6951761 -0.2622022 0.6709892 0.6935586 -0.5098758 0.511856 0.6913973 -0.3473914 0.632724 0.6920834 -0.4320824 0.5788943 0.6915101 -0.583723 0.4293147 0.6891708 -0.1901701 0.3911959 0.9004449 -0.1835705 -0.2707988 0.9449708 -0.4076866 -0.1731125 0.8965622 -0.1124571 0.7082629 0.696934 0.2945796 -0.6259985 0.7220448 0.2308862 -0.6803641 0.6955546 -0.7131079 -0.000528674 0.7010541 -0.2871398 -0.6286582 0.7227307 0.2140795 -0.6590278 0.7210079 0.07952947 -0.7147498 0.6948437 -0.712925 -0.04288329 0.6999279 -0.7096816 -0.09474811 0.6981223 0.1367415 -0.680651 0.7197333 0.06524121 -0.692629 0.7183374 0.003616082 -0.6979672 0.7161206 -0.04823343 -0.6974698 0.7149891 -0.09620466 -0.6925622 0.7149142 -0.1432612 -0.6844648 0.7148316 -0.2503391 -0.6490511 0.7183753 -0.192604 -0.6709558 0.7160461 0.157329 -0.7015076 0.6950789 0.6574815 0.2186804 0.7210388 0.679586 0.1405791 0.7200003 -0.6715084 0.1800362 0.718793 -0.6122566 -0.3253034 0.7206383 -0.5687326 -0.39586 0.7209979 -0.5161354 -0.4620338 0.7211997 -0.646238 -0.2533564 0.7198521 -0.695204 -0.05588717 0.7166366 0.4411666 0.5295677 0.7245206 0.5155837 0.4579258 0.7242082 -0.514356 0.4632886 0.7216658 -0.4502726 0.5251812 0.7221075 -0.3773915 0.5795345 0.7222987 -0.2988854 0.6241335 0.7218898 0.3580499 0.5896582 0.7239499 0.2689848 0.6355477 0.7236894 0.08602086 0.6866225 0.7219071 -0.1403863 0.679655 0.7199727 0.004768617 0.6946951 0.7192886 0.2164748 -0.6581781 0.7210688 0.1386907 -0.6801322 0.7198508 0.06634363 -0.6923372 0.7185177 -0.1452251 -0.6782867 0.7203033 -0.3052779 -0.6209891 0.7219265 -0.2247252 -0.6551574 0.7212956 -0.4541373 -0.5224169 0.7216924 -0.3830233 -0.5760973 0.7220838 0.0280721 0.7151721 -0.6983844 -0.0280721 0.7151721 -0.6983844 -0.7151721 0.0280721 -0.6983844 -0.7151721 -0.0280721 -0.6983844 0.0280721 -0.7151721 -0.6983844 -0.0280721 -0.7151721 -0.6983844 0.7151721 -0.0280721 -0.6983844 0.7151721 0.0280721 -0.6983844 -0.5856584 -0.425543 -0.6898677 -0.425543 -0.5856584 -0.6898677 -0.5118953 -0.5118953 -0.6898741 0.5856584 0.425543 -0.6898677 0.425543 0.5856584 -0.6898677 0.5118953 0.5118953 -0.6898741 -0.3286601 -0.6450452 -0.6898545 -0.6450452 -0.3286601 -0.6898545 -0.688473 -0.2237335 -0.6898901 -0.2237335 -0.688473 -0.6898901 -0.1132812 -0.7150426 -0.6898416 -0.7150426 -0.1132812 -0.6898416 0.2237335 -0.688473 -0.6898901 0.3286601 -0.6450452 -0.6898545 0.1132812 -0.7150426 -0.6898416 0.425543 -0.5856584 -0.6898677 0.5118953 -0.5118953 -0.6898741 0.7150426 -0.1132812 -0.6898416 0.688473 -0.2237335 -0.6898901 0.5856584 -0.425543 -0.6898677 0.6450452 -0.3286601 -0.6898545 0.3286601 0.6450452 -0.6898545 0.6450452 0.3286601 -0.6898545 0.688473 0.2237335 -0.6898901 0.2237335 0.688473 -0.6898901 0.7150426 0.1132812 -0.6898416 0.1132812 0.7150426 -0.6898416 -0.1132812 0.7150426 -0.6898416 -0.2237335 0.688473 -0.6898901 -0.3286601 0.6450452 -0.6898545 -0.425543 0.5856584 -0.6898677 -0.5118953 0.5118953 -0.6898741 -0.688473 0.2237335 -0.6898901 -0.7150426 0.1132812 -0.6898416 -0.5856584 0.425543 -0.6898677 -0.6450452 0.3286601 -0.6898545 -0.04386262 -0.7129212 0.699871 -0.09438968 -0.7092864 0.6985724 0.01496441 -0.7178191 0.6960688 -0.656747 -0.4826966 0.5793854 0.2071912 -0.6927088 0.6908157 0.3057308 -0.6547589 0.6912448 0.3941575 -0.6048008 0.6919941 0.1034315 -0.7153513 0.6910676 0.5337974 -0.4830962 0.6940306 0.5831453 -0.4197932 0.6954964 0.2655626 -0.486515 0.8323339 0.4706681 -0.5463581 0.6927947 -0.3024657 -0.3343343 0.8926002 -0.5451715 -0.6026121 0.5827922 0.5773503 -0.5773503 0.5773503 0.5773503 0.5773503 0.5773503 -0.5773503 0.5773503 0.5773503 -0.6986307 0.02445021 0.7150646 -0.6572544 0.2039018 0.7255624 -0.6820492 0.09984266 0.7244586 -0.6209423 0.3016304 0.7234983 -0.5186704 0.456552 0.7228702 -0.4507951 0.5234267 0.7230548 -0.3748997 0.5805631 0.7227702 -0.5755768 0.3839899 0.7219855 -0.196494 0.6612827 0.7239443 -0.09813826 0.6829154 0.7238753 -0.0107703 0.6943755 0.7195323 -0.2900114 0.6263769 0.7235644 0.1054971 0.6907051 0.7153998 0.05369228 0.6962425 0.7157957 -0.4790123 0.6637111 0.5744865 -0.5773503 0.5773503 0.5773503 -0.3015113 0.3015113 0.904534 -0.5773503 -0.5773503 0.5773503 -0.3015113 -0.3015113 0.904534 -0.7052178 0.005813601 0.7089669 -0.6865345 0.1315998 0.7150887 -0.67272 0.1837484 0.7167177 -0.6499052 0.24579 0.7191735 -0.612432 0.3204482 0.7226617 -0.559452 0.4030671 0.7242586 -0.6952187 0.08880763 0.713291 -0.7000515 0.05493329 0.7119763 -0.7020386 0.02574251 0.7116735 -0.2636858 0.6400769 0.7216449 -0.1858051 0.668633 0.7200044 -0.1153231 0.6862978 0.7181197 -0.05361809 0.6954999 0.7165228 0.01086089 0.6951108 0.7188205 -0.3454258 0.5981933 0.7230808 -0.4251478 0.5443087 0.7231718 -0.4967182 0.4800457 0.7230679 0.15623 0.6788636 0.7174513 0.08571998 0.6884967 0.7201558 -0.3799016 0.7202786 0.5804081 -0.7274413 -0.3736449 0.575516 -0.1227978 -0.705683 0.6978053 -0.06241321 -0.7138486 0.6975133 -0.003748862 -0.7156133 0.6984867 -0.1796535 -0.6928768 0.6983168 0.270322 -0.6689465 0.6924136 0.1857538 -0.6949129 0.6946881 0.3637503 -0.6253456 0.6903829 0.4589793 -0.5609553 0.6889609 0.5455361 -0.477391 0.688831 0.1136483 -0.7080811 0.6969256 0.05249002 -0.7139309 0.698246 0.702196 -0.1436416 0.6973435 0.6867971 -0.2125793 0.6950682 0.7097514 -0.08682863 0.6990806 0.7125675 -0.03987637 0.7004694 0.7099638 -0.009279343 0.704177 0.6585102 -0.2944197 0.6925903 0.6123335 -0.3846637 0.6907109 0.4043035 -0.294196 0.8660181 0.6495222 -0.4726323 0.5956002 0.5773503 0.5773503 0.5773503 0.3015113 0.3015113 0.904534 0.5773503 0.5773503 0.5773503 -0.5773503 0.5773503 0.5773503 0.223338 0.6846878 0.6937743 0.3071526 0.6523292 0.6929098 0.1426184 0.704843 0.6948786 0.0679642 0.7146945 0.6961269 -0.0001585743 0.7170564 0.6970152 0.3898525 0.6070489 0.6924642 0.4667066 0.5501072 0.6925077 0.5376584 0.4821512 0.6917034 -0.1490236 0.7044925 0.6938892 -0.2384307 0.6813265 0.6920586 -0.6668282 0.4396737 0.601687 -0.06968105 0.7149335 0.6957116 -0.4648842 -0.6857863 0.559982 0.1519705 -0.6776146 0.7195439 0.07676762 -0.6899284 0.7197955 -0.001202159 -0.6937857 0.7201805 0.2233342 -0.6581102 0.719036 -0.2831417 -0.6265159 0.7261602 -0.383681 -0.5695654 0.7269004 -0.4747912 -0.4966645 0.7265657 -0.5514912 -0.4096936 0.7266421 -0.1815387 -0.664994 0.7244493 -0.08621799 -0.6861904 0.7222943 -0.6780586 -0.1542235 0.7186457 -0.6916376 -0.09233908 0.7163176 -0.698445 -0.04201231 0.7144295 -0.700898 -0.000519622 0.7132613 -0.652222 -0.2304637 0.7221447 -0.6116916 -0.3182419 0.724262 -0.6795531 0.1491257 0.7183099 -0.6553502 0.2231895 0.7215973 -0.6128652 0.312768 0.7256531 -0.5540208 0.4074694 0.725968 -0.6925518 0.08984358 0.7157515 -0.6984756 0.04105364 0.7144553 -0.2521389 0.6452368 0.7211765 -0.1766988 0.671702 0.71944 -0.1092189 0.6878687 0.7175708 -0.05077932 0.6963066 0.715946 0.01666981 0.6933637 0.720395 -0.3326004 0.6057844 0.722774 -0.4129799 0.5533011 0.7233985 -0.48717 0.4890621 0.7235217 0.1824642 0.671107 0.7185556 0.1024497 0.6838336 0.7224096 -0.3564027 0.7331504 0.5791957 -0.7491848 -0.3181199 0.5809663 -0.1974804 -0.687943 0.6983809 -0.2583338 -0.6697788 0.6961753 -0.1463946 -0.6994353 0.6995419 -0.04930994 -0.7130364 0.6993909 -0.09833138 -0.7078721 0.6994627 0.003708398 -0.7157859 0.6983099 0.3070665 -0.6525338 0.6927552 0.2225209 -0.6850139 0.693715 0.3909828 -0.6066073 0.6922138 0.4692807 -0.5483236 0.6921826 0.5405367 -0.4789604 0.6916769 0.1416367 -0.705018 0.6949019 0.06731769 -0.7146738 0.6962109 0.6994149 -0.1604561 0.6964716 0.6805798 -0.2328831 0.6946773 0.709152 -0.09809863 0.6981977 0.713106 -0.04541367 0.6995838 0.7136692 -8.286834e-05 0.7004829 0.6491318 -0.3139428 0.6928693 0.6020892 -0.3987906 0.6917041 0.6803972 0.2334086 0.6946798 0.6992351 0.1611001 0.6965034 0.6488483 0.3146924 0.6927948 0.6009797 0.4013172 0.6912076 0.7088451 0.09930074 0.6983394 0.7133367 0.04619328 0.6992974 -0.6978861 -0.1581093 0.6985388 -0.7075653 -0.09492103 0.7002438 -0.6758455 -0.153038 0.7209801 -0.6904395 -0.09198156 0.7175184 -0.7129393 -0.04284209 0.6999158 -0.7123706 -0.002501106 0.7017991 -0.6985134 -0.04148938 0.7143932 -0.7016752 -0.002463555 0.7124927 -0.6494444 -0.2293268 0.7250042 -0.610814 -0.3177862 0.7252021 -0.6780156 -0.2381646 0.6953937 -0.6427547 -0.3333137 0.6897597 -0.549413 -0.411951 0.72694 -0.5804063 -0.4351795 0.688293 -0.5491061 0.473864 0.6884296 -0.5854875 0.365385 0.7236699 -0.6128411 0.3825486 0.691435 -0.4625225 0.5598334 0.6875024 -0.5215805 0.4498362 0.7249836 -0.4384305 0.5285396 0.7269282 -0.3598901 0.6291658 0.6889336 -0.2541162 0.6760169 0.6916835 -0.3420118 0.5947154 0.7275586 -0.1571154 0.7021604 0.6944678 -0.2427224 0.6432119 0.7261985 -0.150452 0.6741698 0.7230901 -0.07219362 0.7151898 0.6951918 0.003887119 0.7183478 0.6956733 -0.06918154 0.691192 0.7193521 0.003761286 0.6950936 0.7189094 -0.6315134 0.2869721 0.720304 -0.6620259 0.2178545 0.71712 -0.6560415 0.2990537 0.6929476 -0.6808599 0.15848 0.7150622 -0.6830519 0.2251675 0.6947947 -0.6983874 0.1624278 0.6970453 -0.6919141 0.1082842 0.7138133 -0.6984167 0.0667015 0.7125763 -0.7065645 0.1103757 0.6989877 -0.7010628 0.03083473 0.7124326 -0.7104205 0.06750675 0.7005323 -0.7116048 0.03102525 0.7018946 0.2884181 0.6642594 0.689619 0.3930357 0.6091884 0.688776 0.2741114 0.6313095 0.7254731 0.3725931 0.5775032 0.7264051 0.4884229 0.5355216 0.6889556 0.5689586 0.4484537 0.6893297 0.4632696 0.5079427 0.7262062 0.5402734 0.4258245 0.7257949 0.1755034 0.667276 0.7238379 0.08337374 0.687146 0.7217196 0.1838418 0.6989793 0.6911079 0.08683049 0.7156356 0.6930556 0.7026051 0.1299437 0.6996147 0.6851304 0.1264803 0.7173556 0.6686056 0.1863301 0.7198942 0.7089485 0.07898122 0.7008237 0.6948288 0.07695454 0.7150461 0.7000661 0.03540632 0.7131997 0.7121568 0.03631436 0.7010805 0.7127793 -0.001378048 0.701387 0.7012466 -0.001355751 0.7129175 0.6899499 0.1921992 0.6978743 0.6408797 0.2581673 0.7229266 0.6672183 0.2677249 0.695085 0.6007661 0.3395877 0.7237128 0.6296215 0.3550573 0.6910218 0.7025141 -0.1601743 0.6934105 0.6822695 -0.2424473 0.6897301 0.6804431 -0.1552333 0.7161702 0.654683 -0.2313788 0.7196208 0.641418 -0.3357993 0.6897983 0.579328 -0.4362753 0.6885077 0.6101473 -0.3184482 0.725473 0.5487451 -0.4132597 0.7267016 0.6934534 -0.09356416 0.7144005 0.6983445 -0.04231038 0.7145102 0.7107405 -0.09523761 0.6969775 0.7129579 -0.04274334 0.6999028 0.2982084 -0.6603556 0.689204 0.1911216 -0.6975234 0.6906038 0.2830627 -0.6268167 0.7259313 0.1821783 -0.6648836 0.72439 0.09047132 -0.7157932 0.6924269 0.0002727727 -0.7198492 0.6941305 0.08670776 -0.6860166 0.7224009 0.0002627472 -0.6933918 0.7205607 0.3824514 -0.5707512 0.7266182 0.4724618 -0.499424 0.7261925 0.4036688 -0.6024149 0.6885839 0.4980955 -0.5265206 0.688968 -0.6937512 0.1859997 0.6957826 -0.6708455 0.2594365 0.6947366 -0.7074205 0.1177231 0.6969201 -0.7138893 0.05587988 0.6980254 -0.7153977 -0.000334959 0.6987174 -0.6370942 0.3356349 0.6938734 -0.5917882 0.411209 0.6933209 -0.5356027 0.4824258 0.6931054 -0.6695839 -0.2626031 0.694764 -0.6929186 -0.189242 0.6957379 -0.6357074 -0.3377672 0.6941105 -0.5911847 -0.4114799 0.693675 -0.5366993 -0.4805497 0.6935602 -0.7071221 -0.1203993 0.6967657 -0.7140009 -0.0573179 0.6977946 -0.2337707 -0.6815286 0.6934479 -0.3180618 -0.6471118 0.6928802 -0.1506731 -0.7036627 0.6943748 -0.07236628 -0.7148774 0.6954951 -0.001020035 -0.7173809 0.6966804 -0.3993302 -0.6006029 0.6926843 -0.472966 -0.5439806 0.6931005 0.309416 -0.6513571 0.6928172 0.2250704 -0.6842303 0.6936657 0.3925606 -0.6054311 0.6923506 0.4695059 -0.5477645 0.6924726 0.5366148 -0.4815808 0.6929102 0.1437281 -0.7047103 0.6947846 0.06848914 -0.7147278 0.6960413 0.694064 -0.1845933 0.6958452 0.6714528 -0.2577243 0.6947873 0.7075021 -0.1167548 0.6970001 0.713847 -0.05542879 0.6981047 0.716256 0.003421686 0.6978293 0.6380056 -0.3339352 0.693856 0.5928684 -0.4096289 0.6933335 0.7043899 0.1457069 0.6946973 0.6835062 0.2273373 0.6936404 0.6503113 0.3115449 0.6928456 0.7147634 0.06969408 0.695885 0.5406872 0.4801284 0.6907489 0.4629894 0.5557619 0.690485 0.3751771 0.6178624 0.6910052 0.6034805 0.3967468 0.691667 0.1847127 0.6980594 0.6918051 0.08964488 0.7154624 0.6928761 0.00492836 0.718684 0.6953194 0.2816274 0.6654921 0.6912353 -0.3114226 0.6503136 0.6928984 -0.2273092 0.6835475 0.693609 -0.3936622 0.6045202 0.692521 -0.4694397 0.547537 0.6926973 -0.1455078 0.7044498 0.6946783 -0.06950752 0.7147566 0.6959107 -0.29648 -0.6611484 0.6891897 -0.4027877 -0.6032288 0.6883873 -0.2814098 -0.6275422 0.7259472 -0.3813903 -0.5711832 0.7268364 -0.498326 -0.5265557 0.6887745 -0.4724048 -0.4991661 0.7264068 -0.180578 -0.6653866 0.7243288 -0.08572439 -0.6863142 0.7222355 -0.1894112 -0.6979347 0.6906596 -0.08940481 -0.7157798 0.6925793 -0.5773503 -0.5773503 0.5773503 -0.7040416 -0.009318078 0.7100976 0.5773503 -0.5773503 0.5773503 0.7098139 0.008776331 0.7043346 0.690305 0.1962949 0.6963816 0.6674309 0.2692996 0.694272 0.6300611 0.3521306 0.6921178 0.5739596 0.4407364 0.6901607 0.4978248 0.526353 0.6892917 0.7032268 0.134181 0.6981887 0.7096553 0.08220993 0.6997363 0.7124439 0.03814186 0.7006917 0.1592082 0.6998606 0.6963102 0.2335286 0.6807697 0.6942744 0.09641014 0.7093403 0.6982417 0.04440713 0.7130018 0.6997546 -0.006240834 0.7154146 0.6986724 0.318692 0.647765 0.6919797 0.4090456 0.5964738 0.69058 -0.1459128 0.7043733 0.694671 -0.2274557 0.6834201 0.6936864 -0.3111149 0.6503873 0.6929675 -0.06979048 0.7147603 0.6958785 -0.47731 0.5427891 0.6910536 -0.5519823 0.4670482 0.6907833 -0.2567169 0.5036269 0.8248978 -0.395237 0.6041899 0.6919121 0.3010922 0.3597109 0.8831487 0.5195341 0.6206807 0.5872306 -0.5773503 0.5773503 0.5773503 -0.5773503 -0.5773503 0.5773503 0.5773503 -0.5773503 0.5773503 0.7050596 -0.006289865 0.7091202 0.6831809 -0.1438071 0.7159493 0.6669221 -0.2006669 0.7175986 0.6399907 -0.2675069 0.7203138 0.5967552 -0.3464746 0.7237669 0.5346621 -0.4325714 0.7259604 0.6935581 -0.09704076 0.7138349 0.6991054 -0.06000159 0.7124966 0.701529 -0.02796526 0.712092 0.2224049 -0.657336 0.7200315 0.1536846 -0.678989 0.7178823 0.09426395 -0.691501 0.7161988 0.04362537 -0.6981239 0.7146467 -0.0004927647 -0.7002383 0.713909 0.2996948 -0.6234958 0.7221052 0.3812908 -0.575298 0.7236363 0.4611509 -0.512209 0.7245563 -0.2435735 -0.6479087 0.7217245 -0.1672798 -0.6744018 0.719166 -0.3292835 -0.6058193 0.724262 -0.419079 -0.5448348 0.7263112 -0.5045527 -0.4655315 0.7271224 -0.1027302 -0.6896668 0.7168028 -0.04745868 -0.6968884 0.7156076 -0.681711 -0.1430343 0.7175035 -0.6612005 -0.2108033 0.7199832 -0.6932 -0.08658983 0.715525 -0.6989989 -0.0397996 0.7140144 -0.6268895 -0.2904316 0.7229516 -0.5758289 -0.3778122 0.7250373 -0.6528536 0.3153864 0.6887043 -0.6945205 0.2048046 0.6897074 -0.7158023 0.09799472 0.6913928 -0.7197688 0.004478537 0.6941994 -0.5909103 0.4201715 0.6886806 -0.5137773 0.5104118 0.6895743 -0.4264558 0.5850967 0.6897806 -0.7017422 -0.1662762 0.6927555 -0.6738182 -0.2605478 0.6914361 -0.6278853 -0.3621513 0.6889169 -0.7152905 -0.07891355 0.6943574 -0.4797437 -0.5402509 0.6913573 -0.5592823 -0.4612308 0.6888175 -0.4019445 -0.5982417 0.6932154 -0.2845304 -0.6544811 0.7004976 -0.3336786 -0.6344409 0.6972398 -0.2663128 -0.6534433 0.7085827 -0.3205042 -0.6204467 0.7157674 -0.2837622 -0.6420311 0.7122324 -0.39785 -0.5524037 0.7325063 -0.6154335 -0.307838 0.7255876 -0.6566902 -0.2055648 0.7256039 -0.6817233 -0.1010265 0.7246013 -0.6906721 -0.0008562559 0.7231675 -0.5604416 -0.4007431 0.7247829 -0.497078 -0.4795189 0.7231702 -0.5627775 0.3970268 0.725018 -0.6177384 0.3027943 0.7257513 -0.4981738 0.4775842 0.7236962 -0.4298032 0.542403 0.7218505 -0.3510354 0.5941551 0.7237084 -0.6585096 0.2007073 0.7253149 -0.6826266 0.09810119 0.7241526 -0.1216388 0.6870863 0.7163214 -0.07203845 0.6961207 0.7143013 -0.03267992 0.7006637 0.7127429 0.01437933 0.6971635 0.716768 -0.1863905 0.6684928 0.7199833 -0.2659595 0.6382748 0.7224062 0.1557144 0.6780912 0.7182933 0.2171612 0.6627419 0.7166688 -0.3211755 0.7488909 0.5796627 0.0829751 0.6888622 0.7201278 -0.7535286 -0.3172809 0.5757842 -0.1488771 -0.7032726 0.695157 -0.07345181 -0.714713 0.6955503 -0.007569078 -0.7157704 0.6982947 -0.2242693 -0.6831112 0.6950269 0.1624202 -0.6992691 0.6961626 0.2380102 -0.679491 0.6940052 0.325345 -0.6449718 0.6914926 0.4158754 -0.5915778 0.6907122 0.09919076 -0.708945 0.6982536 0.04580665 -0.7133572 0.699302 0.6445182 -0.3329039 0.6883105 0.6909513 -0.2193835 0.6888085 0.7157756 -0.1060589 0.6902295 0.7201452 -0.007157671 0.6937865 0.5788189 -0.4364783 0.6888072 0.5007357 -0.5223725 0.6902107 0.7025018 0.1619894 0.6930012 0.6756927 0.2554228 0.6915191 0.6325808 0.3494792 0.6911627 0.7152301 0.07648212 0.6946916 0.5180505 0.499845 0.6941028 0.4586659 0.5529606 0.6956006 0.3961322 0.600752 0.6943892 0.5772845 0.4324568 0.692621 0.2859183 0.6529861 0.7013272 0.332192 0.6349683 0.6974695 0.2674831 0.6542534 0.7073933 0.338074 0.6066475 0.7195031 0.2864434 0.6383352 0.7144777 0.4095555 0.555204 0.7238873 0.6054026 0.3260478 0.726072 0.6505839 0.2208285 0.7266192 0.6787754 0.1097804 0.7260938 0.6893949 0.002033525 0.7243828 0.5478124 0.4182339 0.7245564 0.484092 0.4935498 0.7225396 0.6079886 -0.3191612 0.7269704 0.5468289 -0.4169758 0.726023 0.4757262 -0.4987866 0.7244974 0.3945881 -0.5648873 0.7247086 0.6537094 -0.2116794 0.7265369 0.6807813 -0.1032615 0.7251716 0.1251754 -0.68882 0.7140435 0.08528746 -0.6956621 0.7132883 0.05127995 -0.7002908 0.7120135 0.02365603 -0.7026606 0.7111319 -0.01264134 -0.6991879 0.7148262 0.1733244 -0.6758248 0.7163934 0.2376603 -0.6515966 0.7203745 0.3138763 -0.6171745 0.7215104 -0.1380749 -0.6823202 0.7178959 -0.1997942 -0.6677196 0.7171003 -0.2554034 -0.649425 0.7162515 0.4531433 -0.694701 0.5586159 -0.07096168 -0.6918191 0.7185755 0.6682465 0.4367631 0.6022331 0.1635005 0.7004642 0.6947068 0.09443933 0.7098398 0.6980034 0.04225568 0.7129363 0.6999545 -0.0006245185 0.7132947 0.700864 0.2466506 0.6773984 0.6930331 -0.1632068 0.6992506 0.6959973 -0.2408199 0.6789631 0.6935523 -0.3317002 0.642505 0.6907693 -0.09913353 0.7090422 0.6981631 -0.045547 0.7133416 0.6993349 -0.04386495 -0.7129211 0.699871 -0.09439086 -0.7092859 0.6985727 0.01495833 -0.7178181 0.69607 -0.656731 -0.4827145 0.5793885 0.2071739 -0.6926978 0.6908319 0.3057391 -0.6547764 0.6912246 0.3941333 -0.6047886 0.6920185 0.1034479 -0.7153562 0.6910601 0.5337893 -0.4830711 0.6940543 0.5831271 -0.4198307 0.695489 0.2655591 -0.4865221 0.8323308 0.4706845 -0.5463795 0.6927666 -0.3024658 -0.3343291 0.8926021 -0.5451766 -0.6026083 0.5827913 0.5773503 -0.5773503 0.5773503 0.5773503 0.5773503 0.5773503 -0.5773503 0.5773503 0.5773503 -0.698618 0.02448392 0.7150758 -0.6572657 0.2038967 0.7255535 -0.6820519 0.09988594 0.7244502 -0.620992 0.3015655 0.7234826 -0.5186932 0.4566087 0.722818 -0.4507752 0.523389 0.7230945 -0.3748782 0.5806051 0.7227476 -0.5755163 0.3839828 0.7220375 -0.196498 0.6612702 0.7239546 -0.09812554 0.6829207 0.723872 -0.01076555 0.6943752 0.7195326 -0.2900411 0.6263655 0.7235623 0.1054869 0.6907068 0.7153996 0.0536904 0.6962453 0.7157931 -0.4790377 0.6636947 0.5744843 -0.5773503 0.5773503 0.5773503 0.5773503 0.5773503 0.5773503 -0.5773503 -0.5773503 0.5773503 0.5773503 -0.5773503 0.5773503 -0.6980167 -0.1581381 0.6984018 -0.7077504 -0.09483656 0.7000681 -0.6759806 -0.1530717 0.7208462 -0.6905595 -0.09193463 0.717409 -0.7128989 -0.04290116 0.6999533 -0.7124444 -0.002473243 0.7017242 -0.6985429 -0.04159364 0.7143584 -0.701597 -0.002435586 0.7125698 -0.6496349 -0.2292982 0.7248426 -0.6106471 -0.3178105 0.7253321 -0.6781277 -0.2381802 0.6952791 -0.6425662 -0.3333971 0.689895 -0.5493967 -0.4119808 0.7269354 -0.5804077 -0.4351784 0.6882925 -0.5491599 0.4738901 0.6883688 -0.5855746 0.3653115 0.7236366 -0.6128718 0.3824357 0.6914702 -0.4624309 0.5598752 0.6875299 -0.5215361 0.4497791 0.7250509 -0.4383801 0.5286243 0.726897 -0.3599316 0.6291225 0.6889515 -0.2541446 0.6760355 0.6916549 -0.3420691 0.5947063 0.7275392 -0.157076 0.702158 0.6944791 -0.2427293 0.6431737 0.7262301 -0.1504192 0.6741904 0.7230777 -0.07219356 0.7151898 0.6951918 0.003887239 0.7183478 0.6956733 -0.06918148 0.691192 0.7193521 0.003761402 0.6950936 0.7189094 -0.6315031 0.2871071 0.7202592 -0.6618664 0.217728 0.7173056 -0.6559868 0.2991055 0.6929771 -0.6808818 0.1584193 0.7150548 -0.6829773 0.2250726 0.6948987 -0.6983628 0.1624869 0.6970563 -0.6920303 0.1085075 0.7136667 -0.6983687 0.06662818 0.7126302 -0.7066746 0.1106009 0.6988408 -0.701151 0.03083631 0.7123457 -0.7104754 0.0673771 0.7004891 -0.7115218 0.03101933 0.701979 0.2884178 0.6642597 0.6896189 0.3930365 0.6091881 0.6887758 0.274111 0.6313096 0.7254732 0.3725936 0.5775026 0.7264054 0.4884233 0.5355209 0.6889558 0.5690464 0.4483896 0.6892989 0.4632703 0.5079424 0.726206 0.5402844 0.4257648 0.7258217 0.1755031 0.6672762 0.7238378 0.0833738 0.687146 0.7217196 0.1838414 0.6989793 0.691108 0.08683055 0.7156356 0.6930556 0.7025261 0.1299891 0.6996856 0.6852087 0.1264971 0.7172779 0.6684101 0.186337 0.7200739 0.7089742 0.07910773 0.7007835 0.6947786 0.07706975 0.7150824 0.7000307 0.03528393 0.7132405 0.7122017 0.03619289 0.7010412 0.7127409 -0.001502756 0.7014258 0.7012871 -0.001478606 0.7128774 0.689832 0.1922353 0.6979809 0.6409449 0.2581321 0.7228814 0.6672146 0.2676579 0.6951143 0.6006758 0.3394732 0.7238415 0.6295326 0.3549607 0.6911524 0.7023613 -0.1600788 0.6935873 0.6822856 -0.2424101 0.6897273 0.6803456 -0.1551475 0.7162814 0.6546833 -0.2313801 0.7196201 0.6414173 -0.3357959 0.6898007 0.5792904 -0.436372 0.6884782 0.6101464 -0.3184445 0.7254754 0.5486601 -0.4133149 0.7267344 0.6933964 -0.0935136 0.7144624 0.6983847 -0.04221077 0.7144768 0.7108022 -0.09524587 0.6969136 0.7129327 -0.0426377 0.6999349 0.2982087 -0.6603558 0.6892037 0.1910999 -0.6975363 0.6905968 0.2830627 -0.6268163 0.7259317 0.1821538 -0.664882 0.7243976 0.09045326 -0.7157866 0.6924361 0.0002794649 -0.7198512 0.6941284 0.08669282 -0.686029 0.7223909 0.0002691918 -0.6933895 0.7205629 0.382503 -0.5706814 0.7266459 0.4724955 -0.4994802 0.7261319 0.4037537 -0.6023866 0.6885589 0.498049 -0.526493 0.6890227 -0.6937512 0.1859988 0.6957828 -0.6708461 0.2594358 0.6947364 -0.7074201 0.1177238 0.6969203 -0.7138895 0.05588067 0.6980252 -0.7154217 -0.000414957 0.6986928 -0.6370942 0.3356349 0.6938734 -0.591788 0.4112098 0.6933207 -0.5356023 0.4824256 0.6931058 -0.6695916 -0.2625122 0.6947909 -0.6929186 -0.1892429 0.6957377 -0.6357535 -0.3377877 0.6940583 -0.5911422 -0.411458 0.6937242 -0.5367694 -0.480505 0.693537 -0.7071221 -0.1203993 0.6967657 -0.7139707 -0.05739581 0.6978191 -0.2337707 -0.6815284 0.6934482 -0.3181152 -0.6471025 0.6928644 -0.1506598 -0.7036702 0.6943701 -0.07235519 -0.7148728 0.6955009 -0.001024391 -0.7173822 0.6966791 -0.3993018 -0.6005815 0.6927192 -0.4729309 -0.5440361 0.6930808 0.3094679 -0.651349 0.6928017 0.2250482 -0.684245 0.6936584 0.3925337 -0.6054099 0.6923844 0.4695382 -0.5477874 0.6924326 0.5365773 -0.4815575 0.6929554 0.1437022 -0.7047081 0.6947921 0.06848921 -0.7147277 0.6960413 0.6940631 -0.1845947 0.6958457 0.6714451 -0.2578173 0.6947602 0.707503 -0.116755 0.6969991 0.7138758 -0.0553515 0.6980813 0.7162324 0.00349934 0.6978531 0.6379589 -0.3339141 0.6939091 0.5929121 -0.4096499 0.6932836 0.7044316 0.1457187 0.6946526 0.6834646 0.2273225 0.6936862 0.6503644 0.3114852 0.6928226 0.7147493 0.06961992 0.695907 0.540626 0.4801675 0.6907696 0.4629889 0.5557627 0.6904847 0.3751761 0.6178627 0.6910055 0.6034588 0.3968161 0.6916462 0.184728 0.6980683 0.691792 0.08963338 0.7154578 0.6928823 0.004933295 0.7186854 0.6953179 0.2816504 0.6654736 0.6912437 -0.3113932 0.6503398 0.692887 -0.22727 0.683549 0.6936203 -0.3936616 0.6045204 0.6925212 -0.46944 0.5475372 0.692697 -0.1455078 0.7044498 0.6946783 -0.06950748 0.7147566 0.6959107 -0.29648 -0.6611484 0.6891897 -0.4027877 -0.6032288 0.6883873 -0.2814098 -0.6275422 0.7259472 -0.3813903 -0.5711832 0.7268364 -0.498326 -0.5265557 0.6887745 -0.4724048 -0.4991661 0.7264068 -0.1805776 -0.6653866 0.724329 -0.08572412 -0.6863144 0.7222354 -0.1894108 -0.6979349 0.6906594 -0.08940448 -0.7157797 0.6925794 0.2754801 -0.6301259 0.7259835 0.1835999 -0.6992016 0.6909473 0.1751884 -0.6671682 0.7240136 0.08275898 -0.6872803 0.7216625 0.08617674 -0.7156634 0.6931085 0.007535961 -0.7171001 0.6969295 0.007318869 -0.6964422 0.7175756 0.2902614 -0.6639362 0.6891568 0.3765696 -0.5740445 0.7270958 0.3979771 -0.6066781 0.688154 0.4685325 -0.5031489 0.726167 0.4939188 -0.5304108 0.688991 -0.1962719 -0.6938124 0.6928937 -0.286152 -0.6643451 0.6904799 -0.1886674 -0.6680914 0.7197628 -0.2721565 -0.6353321 0.7226921 -0.3819328 -0.6152195 0.689661 -0.4755431 -0.5466398 0.6892341 -0.362218 -0.5850973 0.7255751 -0.4514316 -0.5189235 0.7258981 -0.1160562 -0.6869506 0.7173771 -0.05335465 -0.6956566 0.7163903 -0.118875 -0.7086441 0.6954799 -0.05398366 -0.713873 0.6981913 -0.6714627 -0.2683115 0.6907581 -0.7013757 -0.1701697 0.6921809 -0.6403379 -0.2558742 0.7242207 -0.6717076 -0.1629715 0.7226681 -0.7153137 -0.0802723 0.6941777 -0.7190699 0.001280857 0.6949366 -0.6891191 -0.07733276 0.7205099 -0.6942881 0.001236714 0.7196962 -0.5924967 -0.350321 0.7254122 -0.5292778 -0.4398434 0.7255362 -0.6233175 -0.3685442 0.6896742 -0.5569982 -0.4628797 0.6895618 -0.6140665 0.3843076 0.6893693 -0.5831685 0.3649704 0.7257487 -0.6341927 0.2688589 0.7249238 -0.5444114 0.477667 0.6895292 -0.5172668 0.4538502 0.7255722 -0.4413426 0.5294398 0.7245069 -0.4631562 0.5556076 0.6904972 -0.3729012 0.6204035 0.6899596 -0.3547959 0.5902209 0.7250925 -0.6662951 0.2824684 0.6901177 -0.6684875 0.1725305 0.7234347 -0.6994776 0.1805287 0.691477 -0.687596 0.08233482 0.7214102 -0.7154975 0.08567583 0.6933419 -0.1529979 0.6972891 0.7002711 -0.1095884 0.7035397 0.7021555 -0.1079115 0.6917932 0.7139869 -0.07524465 0.6973229 0.7127966 -0.07665243 0.7061684 0.7038826 -0.04801912 0.7016186 0.7109329 -0.04912621 0.7092486 0.7032447 -0.03353544 0.707219 0.7061987 -0.03344931 0.7054027 0.7080171 -0.1485663 0.6822796 0.715837 -0.2013384 0.6623764 0.7216096 -0.2070543 0.6835277 0.6999418 -0.2830338 0.661514 0.6944718 -0.274507 0.6372538 0.7201066 0.5657981 0.5908693 0.5751052 0.2874079 0.3001433 0.9095662 0.7011939 -0.01747137 0.7127565 0.7124059 -0.01775073 0.7015431 0.5042906 0.6306281 0.5899145 0.2994474 0.3744665 0.8775569 -0.5773503 0.5773503 0.5773503 -0.7099617 -0.009272208 0.7041793 -0.6876682 -0.2070019 0.6958899 -0.6624401 -0.2822361 0.6939134 -0.622285 -0.3662944 0.6918018 -0.5634389 -0.4539422 0.6902703 -0.485114 -0.5384775 0.6889893 -0.7021215 -0.1420431 0.6977458 -0.7095217 -0.08718301 0.6992697 -0.7126926 -0.04037324 0.7003137 -0.1453969 -0.7020697 0.6971068 -0.2158656 -0.6860279 0.6948149 -0.08751715 -0.7097528 0.6989933 -0.04005323 -0.7126262 0.7003997 0.006204241 -0.7147322 0.6993707 -0.2998735 -0.6565373 0.6921233 -0.392673 -0.6078366 0.6901758 0.1209985 -0.7058081 0.697993 0.06160821 -0.713804 0.6976305 0.1763938 -0.6934384 0.6985903 0.2818104 -0.6581955 0.6981128 0.22897 -0.6779077 0.6985799 0.7593639 -0.2939917 0.5804613 0.3086853 0.7567794 0.576193 -0.2594878 0.6504682 0.7138328 -0.2115302 0.6645934 0.7166384 -0.07170629 0.6910623 0.7192296 -0.1456617 0.6788508 0.7196834 -0.008623823 0.6982868 0.7157662 0.1983438 0.6665837 0.7185582 0.2694616 0.6385629 0.7208522 0.3484665 0.5964449 0.7230661 0.4304871 0.537963 0.7247598 0.509984 0.4601283 0.7267725 0.1364802 0.6838886 0.7167074 0.08411827 0.6941484 0.7149001 0.03919151 0.6990534 0.7139946 0.683182 0.1378545 0.7171182 0.6634599 0.2041704 0.7198162 0.6938607 0.08311955 0.7152961 0.699464 0.03809503 0.7136518 0.7041468 0.009007963 0.7099973 0.630031 0.2835975 0.7229338 0.5795591 0.3717667 0.7251902 0.3138906 -0.3022351 0.9000704 0.02898242 -0.7072158 0.7064034 0.3124411 -0.6461399 0.696336 0.3809372 -0.6107777 0.6941451 0.4578149 -0.5585979 0.6916458 0.5369634 -0.4856138 0.6898185 0.6082857 -0.393791 0.6891423 0.6639686 -0.2897871 0.6893252 0.6995024 -0.1831562 0.6907606 0.7157603 -0.08514239 0.6931363 0.7187108 -0.001265155 0.695308 0.253312 -0.669607 0.698183 0.2026698 -0.6852435 0.6995472 0.1593853 -0.695329 0.7007952 0.1228958 -0.7016708 0.7018224 0.09205463 -0.7055731 0.7026326 0.06571147 -0.7078868 0.7032626 0.042425 -0.709328 0.7036007 0.6742723 0.2597248 0.691303 0.6293627 0.356795 0.6903622 0.5673682 0.4494653 0.6899813 0.4890337 0.534761 0.689113 0.7020671 0.164921 0.6927502 0.7152558 0.0779687 0.6944998 0.2850588 0.6659835 0.6893529 0.1796768 0.6999488 0.6912221 0.08413717 0.7156062 0.6934182 0.001063265 0.7187585 0.6952591 0.3927901 0.6100707 0.6881349 -0.1820206 0.7005407 0.6900081 -0.08210395 0.7158662 0.6933935 -0.2945565 0.6629628 0.6882708 -0.4661176 0.5485115 0.6941682 -0.5199399 0.4944455 0.6965531 -0.2417989 0.5285393 0.8137441 -0.3928261 0.6062112 0.6915169 0.676223 -0.2540201 0.6915173 0.6327085 -0.3507254 0.6904141 0.6463409 -0.242795 0.7233907 0.6027594 -0.3341239 0.7245981 0.5717237 -0.4439494 0.6899572 0.5439159 -0.4223563 0.7251004 0.6747867 -0.1544414 0.7216722 0.6902202 -0.07320278 0.7198871 0.7026726 -0.1608238 0.6930995 0.7152321 -0.07585546 0.6947583 -0.5773503 0.5773503 0.5773503 -0.3015113 0.3015113 0.904534 -0.5773503 -0.5773503 0.5773503 -0.3015113 -0.3015113 0.904534 -0.7052178 0.005813601 0.7089669 -0.6864199 0.1318084 0.7151604 -0.6727343 0.183982 0.7166444 -0.6499079 0.2457869 0.7191722 -0.6125844 0.3203031 0.7225969 -0.5595056 0.4028707 0.7243264 -0.6952159 0.08880724 0.7132938 -0.7000543 0.05493353 0.7119735 -0.702037 0.02574677 0.7116749 -0.2637865 0.639987 0.7216878 -0.1858051 0.668633 0.7200044 -0.1152865 0.6862918 0.7181313 -0.05359487 0.6955173 0.7165077 0.01085026 0.6951073 0.7188241 -0.3454448 0.598302 0.7229818 -0.4249839 0.5443607 0.723229 -0.4967198 0.480048 0.7230653 0.1562327 0.678848 0.7174655 0.08570269 0.6885053 0.7201497 -0.3798776 0.7202943 0.5804043 -0.7274544 -0.3736127 0.5755204 -0.1227872 -0.7056736 0.6978166 -0.06242289 -0.7138534 0.6975075 -0.003744042 -0.7156118 0.6984881 -0.1796647 -0.6928903 0.6983005 0.2703226 -0.6689459 0.6924139 0.1857542 -0.6949133 0.6946877 0.3637518 -0.6253452 0.6903825 0.4590712 -0.5609141 0.6889332 0.545579 -0.4773013 0.6888592 0.1136478 -0.708081 0.6969258 0.05249002 -0.7139309 0.698246 0.7022082 -0.143767 0.6973053 0.6867282 -0.2125622 0.6951415 0.70975 -0.08682847 0.6990821 0.7125673 -0.03988111 0.7004694 0.7099645 -0.00928172 0.7041763 0.6585735 -0.2944432 0.6925201 0.6122444 -0.3847441 0.6907451 0.4043035 -0.294196 0.8660181 0.6495222 -0.4726323 0.5956002 0.5773503 0.5773503 0.5773503 0.3015113 0.3015113 0.904534 0.5773503 0.5773503 0.5773503 -0.5773503 0.5773503 0.5773503</float_array>
          <technique_common>
            <accessor count="1572" source="#normals-array-array" stride="3">
              <param type="float" name="X" />
              <param type="float" name="Y" />
              <param type="float" name="Z" />
            </accessor>
          </technique_common>
        </source>
        <vertices id="verts-array-vertices">
          <input semantic="POSITION" source="#verts-array" />
        </vertices>
        <triangles count="3140" material="material0">
          <input offset="0" semantic="VERTEX" source="#verts-array-vertices" />
          <input offset="1" semantic="NORMAL" source="#normals-array" />
          <p>0 0 1 1 2 2 3 3 4 4 5 5 0 0 2 2 6 6 7 7 0 0 8 8 0 0 6 6 8 8 7 7 9 9 10 10 11 11 10 10 12 12 10 10 11 11 13 13 0 0 7 7 10 10 12 12 10 10 9 9 14 14 15 15 16 16 17 17 18 18 19 19 20 20 19 19 18 18 17 17 21 21 22 22 22 22 18 18 17 17 23 23 21 21 24 24 21 21 23 23 22 22 25 25 23 23 24 24 25 25 26 26 27 27 26 26 25 25 24 24 28 28 29 29 30 30 27 27 31 31 32 32 29 29 33 33 34 34 28 28 33 33 29 29 4 4 35 35 36 36 34 34 5 5 29 29 3 3 37 37 4 4 4 4 37 37 35 35 38 38 39 39 10 10 5 5 4 4 29 29 40 40 41 41 42 42 43 43 44 44 45 45 46 46 47 47 48 48 49 49 50 50 51 51 50 50 52 52 53 53 45 45 53 53 52 52 52 52 50 50 49 49 43 43 48 48 44 44 45 45 44 44 53 53 48 48 43 43 46 46 54 54 26 26 55 55 56 56 57 57 58 58 59 59 60 60 61 61 62 62 63 63 64 64 65 65 55 55 66 66 57 57 67 67 68 68 26 26 54 54 27 27 69 69 70 70 54 54 27 27 70 70 31 31 54 54 70 70 27 27 71 71 72 72 31 31 31 31 73 73 74 74 74 74 75 75 31 31 76 76 42 42 77 77 31 31 78 78 71 71 75 75 78 78 31 31 79 79 80 80 59 59 81 81 42 42 82 82 83 83 32 32 31 31 31 31 72 72 83 83 41 41 82 82 42 42 32 32 10 10 27 27 84 84 62 62 61 61 85 85 64 64 63 63 10 10 86 86 87 87 32 32 88 88 10 10 89 89 38 38 10 10 88 88 89 89 10 10 63 63 62 62 84 84 86 86 10 10 39 39 60 60 84 84 61 61 90 90 91 91 92 92 93 93 10 10 94 94 10 10 87 87 94 94 95 95 96 96 97 97 10 10 93 93 95 95 97 97 98 98 95 95 98 98 10 10 95 95 40 40 97 97 99 99 66 66 97 97 42 42 100 100 97 97 66 66 101 101 102 102 103 103 79 79 59 59 61 61 80 80 79 79 104 104 81 81 104 104 42 42 81 81 80 80 104 104 104 104 77 77 42 42 42 42 105 105 106 106 76 76 105 105 42 42 42 42 107 107 108 108 106 106 107 107 42 42 109 109 110 110 111 111 112 112 113 113 114 114 58 58 57 57 115 115 116 116 117 117 118 118 119 119 120 120 121 121 122 122 123 123 124 124 125 125 126 126 127 127 116 116 118 118 57 57 115 115 57 57 128 128 57 57 118 118 128 128 56 56 67 67 57 57 29 29 67 67 129 129 67 67 29 29 68 68 130 130 131 131 132 132 129 129 133 133 29 29 134 134 135 135 136 136 137 137 138 138 139 139 140 140 141 141 142 142 142 142 141 141 125 125 143 143 119 119 144 144 145 145 143 143 146 146 147 147 148 148 149 149 150 150 151 151 152 152 153 153 154 154 155 155 156 156 130 130 132 132 157 157 158 158 159 159 160 160 161 161 162 162 163 163 112 112 164 164 91 91 165 165 166 166 167 167 168 168 91 91 169 169 91 91 90 90 170 170 168 168 167 167 167 167 171 171 170 170 172 172 91 91 173 173 172 172 174 174 91 91 91 91 175 175 176 176 173 173 91 91 176 176 91 91 177 177 175 175 91 91 174 174 167 167 91 91 178 178 177 177 179 179 0 0 180 180 181 181 102 102 101 101 168 168 182 182 91 91 91 91 169 169 165 165 182 182 92 92 91 91 165 165 183 183 166 166 184 184 162 162 166 166 166 166 183 183 184 184 185 185 161 161 160 160 160 160 162 162 184 184 186 186 187 187 188 188 189 189 185 185 190 190 185 185 189 189 161 161 189 189 190 190 163 163 159 159 191 191 192 192 112 112 193 193 164 164 112 112 163 163 190 190 193 193 112 112 114 114 109 109 112 112 110 110 113 113 112 112 109 109 113 113 109 109 194 194 195 195 196 196 197 197 198 198 199 199 179 179 192 192 200 200 159 159 201 201 202 202 203 203 204 204 205 205 206 206 207 207 208 208 147 147 209 209 210 210 211 211 212 212 147 147 208 208 209 209 46 46 213 213 214 214 215 215 216 216 217 217 218 218 219 219 220 220 221 221 47 47 222 222 223 223 224 224 103 103 225 225 224 224 226 226 15 15 227 227 223 223 228 228 14 14 68 68 229 229 230 230 231 231 232 232 15 15 101 101 103 103 224 224 68 68 233 233 229 229 29 29 4 4 234 234 180 180 198 198 179 179 97 97 40 40 42 42 100 100 26 26 235 235 133 133 236 236 237 237 55 55 26 26 100 100 66 66 55 55 100 100 96 96 238 238 97 97 99 99 97 97 238 238 239 239 240 240 241 241 242 242 243 243 123 123 180 180 0 0 10 10 244 244 98 98 245 245 246 246 159 159 247 247 179 179 248 248 0 0 248 248 249 249 0 0 250 250 251 251 252 252 253 253 254 254 252 252 255 255 256 256 257 257 258 258 259 259 260 260 261 261 123 123 122 122 258 258 124 124 259 259 124 124 262 262 263 263 258 258 262 262 124 124 264 264 265 265 198 198 124 124 263 263 266 266 122 122 124 124 266 266 261 261 242 242 123 123 267 267 268 268 269 269 137 137 243 243 138 138 138 138 243 243 242 242 270 270 271 271 272 272 270 270 272 272 273 273 274 274 270 270 273 273 142 142 274 274 275 275 26 26 276 276 277 277 278 278 279 279 280 280 98 98 281 281 282 282 265 265 199 199 198 198 269 269 268 268 198 198 283 283 198 198 284 284 198 198 268 268 284 284 264 264 198 198 283 283 26 26 285 285 276 276 275 275 274 274 273 273 286 286 287 287 288 288 289 289 290 290 291 291 292 292 293 293 294 294 295 295 134 134 294 294 296 296 297 297 298 298 142 142 275 275 140 140 299 299 296 296 300 300 301 301 302 302 300 300 125 125 141 141 126 126 293 293 292 292 303 303 297 297 304 304 298 298 156 156 127 127 126 126 289 289 291 291 299 299 305 305 306 306 307 307 297 297 308 308 304 304 296 296 298 298 300 300 309 309 310 310 237 237 311 311 312 312 313 313 302 302 289 289 299 299 314 314 315 315 237 237 316 316 317 317 301 301 29 29 133 133 237 237 318 318 319 319 320 320 321 321 319 319 318 318 322 322 323 323 324 324 26 26 325 325 285 285 29 29 325 325 26 26 326 326 276 276 327 327 276 276 285 285 327 327 139 139 276 276 328 328 276 276 326 326 329 329 276 276 330 330 328 328 276 276 329 329 330 330 139 139 328 328 137 137 331 331 323 323 332 332 323 323 333 333 301 301 299 299 300 300 302 302 301 301 317 317 302 302 333 333 316 316 301 301 322 322 333 333 323 323 323 323 287 287 332 332 323 323 331 331 324 324 334 334 288 288 287 287 332 332 287 287 286 286 334 334 256 256 335 335 256 256 334 334 287 287 335 335 256 256 255 255 328 328 336 336 337 337 338 338 339 339 340 340 341 341 328 328 342 342 343 343 257 257 342 342 257 257 343 343 255 255 344 344 345 345 346 346 343 343 342 342 328 328 346 346 347 347 348 348 349 349 350 350 351 351 352 352 336 336 328 328 341 341 352 352 328 328 254 254 253 253 353 353 155 155 252 252 254 254 328 328 354 354 137 137 354 354 328 328 337 337 153 153 355 355 356 356 111 111 357 357 358 358 354 354 359 359 137 137 360 360 356 356 361 361 137 137 362 362 363 363 359 359 362 362 137 137 155 155 355 355 153 153 364 364 360 360 361 361 365 365 204 204 188 188 363 363 366 366 137 137 366 366 367 367 137 137 361 361 356 356 355 355 159 159 137 137 368 368 367 367 368 368 137 137 250 250 252 252 154 154 211 211 369 369 202 202 158 158 370 370 159 159 159 159 368 368 157 157 371 371 353 353 349 349 372 372 373 373 374 374 370 370 191 191 159 159 247 247 159 159 200 200 375 375 376 376 246 246 246 246 376 376 159 159 254 254 353 353 371 371 249 249 375 375 0 0 249 249 376 376 375 375 209 209 373 373 210 210 375 375 213 213 0 0 0 0 213 213 46 46 347 347 346 346 345 345 377 377 378 378 373 373 149 149 207 207 147 147 339 339 379 379 380 380 145 145 381 381 380 380 382 382 383 383 348 348 155 155 154 154 252 252 371 371 349 349 351 351 349 349 384 384 350 350 383 383 384 384 349 349 348 348 383 383 349 349 348 348 347 347 382 382 346 346 385 385 344 344 386 386 378 378 385 385 344 344 385 385 378 378 378 378 386 386 387 387 340 340 378 378 388 388 378 378 387 387 388 388 339 339 338 338 389 389 372 372 390 390 373 373 390 390 377 377 373 373 378 378 339 339 373 373 391 391 186 186 392 392 393 393 394 394 395 395 127 127 156 156 396 396 143 143 144 144 397 397 119 119 121 121 144 144 398 398 399 399 303 303 132 132 396 396 156 156 121 121 120 120 395 395 136 136 394 394 393 393 400 400 401 401 319 319 402 402 403 403 109 109 404 404 400 400 319 319 405 405 406 406 407 407 237 237 408 408 409 409 410 410 314 314 237 237 411 411 399 399 398 398 237 237 412 412 413 413 413 413 408 408 237 237 410 410 237 237 409 409 414 414 312 312 415 415 309 309 237 237 416 416 310 310 417 417 402 402 418 418 151 151 419 419 197 197 147 147 195 195 150 150 152 152 420 420 418 418 152 152 151 151 420 420 152 152 307 307 306 306 420 420 307 307 131 131 305 305 132 132 306 306 305 305 131 131 132 132 421 421 422 422 305 305 421 421 132 132 132 132 423 423 424 424 422 422 423 423 132 132 424 424 425 425 132 132 132 132 425 425 210 210 425 425 369 369 210 210 426 426 206 206 427 427 411 411 428 428 429 429 319 319 430 430 431 431 430 430 432 432 431 431 319 319 431 431 404 404 433 433 411 411 429 429 429 429 428 428 325 325 319 319 401 401 320 320 434 434 29 29 435 435 321 321 436 436 319 319 429 429 325 325 437 437 325 325 29 29 437 437 29 29 321 321 437 437 433 433 399 399 411 411 303 303 292 292 398 398 295 295 294 294 293 293 135 135 134 134 295 295 394 394 136 136 135 135 120 120 393 393 395 395 381 381 145 145 146 146 146 146 143 143 397 397 339 339 380 380 381 381 339 339 389 389 379 379 340 340 339 339 378 378 235 235 438 438 439 439 440 440 441 441 241 241 442 442 235 235 26 26 443 443 444 444 445 445 443 443 446 446 440 440 447 447 448 448 449 449 450 450 451 451 444 444 452 452 453 453 454 454 455 455 456 456 453 453 180 180 457 457 277 277 180 180 458 458 459 459 460 460 461 461 277 277 277 277 462 462 463 463 464 464 277 277 465 465 466 466 467 467 277 277 467 467 468 468 277 277 469 469 26 26 277 277 470 470 471 471 277 277 26 26 472 472 442 442 26 26 473 473 472 472 235 235 474 474 475 475 235 235 442 442 438 438 476 476 235 235 477 477 235 235 439 439 477 477 478 478 235 235 479 479 235 235 476 476 479 479 480 480 235 235 481 481 235 235 478 478 481 481 235 235 482 482 474 474 235 235 480 480 482 482 98 98 235 235 483 483 475 475 483 483 235 235 484 484 98 98 485 485 98 98 483 483 485 485 486 486 98 98 487 487 98 98 484 484 487 487 98 98 486 486 488 488 98 98 488 488 489 489 490 490 98 98 491 491 98 98 489 489 491 491 492 492 98 98 493 493 98 98 490 490 493 493 494 494 98 98 495 495 98 98 492 492 495 495 98 98 494 494 281 281 496 496 497 497 498 498 282 282 499 499 98 98 500 500 501 501 502 502 498 498 497 497 503 503 504 504 505 505 506 506 502 502 505 505 507 507 508 508 506 506 240 240 509 509 311 311 313 313 403 403 194 194 109 109 510 510 511 511 512 512 391 391 392 392 513 513 513 513 512 512 514 514 512 512 513 513 392 392 391 391 187 187 186 186 195 195 515 515 196 196 195 195 110 110 515 515 310 310 402 402 109 109 516 516 517 517 518 518 518 518 313 313 516 516 313 313 519 519 520 520 518 518 519 519 313 313 520 520 509 509 313 313 311 311 415 415 312 312 521 521 414 414 407 407 521 521 312 312 414 414 522 522 523 523 524 524 434 434 202 202 436 436 406 406 521 521 407 407 405 405 525 525 406 406 237 237 315 315 526 526 237 237 526 526 416 416 321 321 29 29 434 434 527 527 412 412 237 237 436 436 321 321 434 434 203 203 202 202 434 434 528 528 204 204 206 206 426 426 528 528 206 206 523 523 522 522 206 206 529 529 206 206 530 530 206 206 522 522 530 530 427 427 206 206 529 529 197 197 148 148 147 147 215 215 214 214 531 531 310 310 309 309 417 417 237 237 525 525 29 29 236 236 527 527 237 237 435 435 29 29 525 525 405 405 435 435 525 525 532 532 533 533 525 525 406 406 533 533 534 534 525 525 533 533 406 406 406 406 534 534 512 512 534 534 510 510 512 512 534 534 535 535 510 510 201 201 211 211 202 202 514 514 512 512 511 511 536 536 537 537 538 538 187 187 365 365 188 188 538 538 539 539 540 540 365 365 205 205 204 204 541 541 542 542 111 111 206 206 205 205 203 203 543 543 541 541 111 111 203 203 205 205 201 201 215 215 537 537 216 216 211 211 210 210 369 369 214 214 544 544 531 531 545 545 147 147 212 212 209 209 374 374 373 373 543 543 111 111 195 195 147 147 545 545 546 546 213 213 374 374 209 209 536 536 216 216 537 537 46 46 547 547 220 220 209 209 547 547 46 46 218 218 548 548 549 549 46 46 220 220 47 47 47 47 221 221 550 550 551 551 47 47 552 552 47 47 550 550 552 552 181 181 217 217 219 219 47 47 551 551 553 553 47 47 553 553 147 147 111 111 110 110 195 195 539 539 538 538 537 537 540 540 539 539 554 554 542 542 554 554 111 111 542 542 540 540 554 554 554 554 357 357 111 111 111 111 555 555 556 556 358 358 555 555 111 111 557 557 111 111 558 558 556 556 558 558 111 111 29 29 559 559 68 68 231 231 68 68 230 230 560 560 29 29 561 561 29 29 234 234 561 561 562 562 563 563 564 564 563 563 565 565 564 564 562 562 566 566 563 563 29 29 560 560 567 567 29 29 568 568 559 559 29 29 567 567 568 568 565 565 569 569 570 570 571 571 566 566 562 562 572 572 68 68 573 573 68 68 559 559 573 573 574 574 575 575 576 576 577 577 578 578 579 579 580 580 68 68 581 581 68 68 572 572 581 581 577 577 579 579 582 582 583 583 584 584 574 574 583 583 574 574 576 576 68 68 580 580 585 585 586 586 68 68 587 587 68 68 585 585 587 587 575 575 588 588 576 576 68 68 586 586 233 233 584 584 582 582 579 579 15 15 232 232 227 227 15 15 68 68 231 231 582 582 584 584 583 583 226 226 589 589 15 15 570 570 564 564 565 565 590 590 591 591 592 592 593 593 594 594 595 595 589 589 16 16 15 15 16 16 223 223 14 14 590 590 592 592 596 596 222 222 224 224 225 225 228 228 223 223 222 222 593 593 596 596 594 594 597 597 598 598 599 599 594 594 596 596 592 592 181 181 219 219 102 102 600 600 591 591 590 590 600 600 590 590 570 570 548 548 601 601 549 549 548 548 218 218 217 217 570 570 569 569 600 600 602 602 566 566 603 603 549 549 601 601 604 604 566 566 571 571 603 603 605 605 546 546 604 604 604 604 601 601 605 605 606 606 607 607 608 608 147 147 605 605 609 609 605 605 147 147 546 546 147 147 610 610 611 611 609 609 610 610 147 147 611 611 612 612 147 147 613 613 47 47 612 612 147 147 612 612 47 47 4 4 599 599 598 598 47 47 613 613 614 614 615 615 47 47 616 616 47 47 614 614 616 616 4 4 47 47 599 599 47 47 615 615 599 599 575 575 606 606 588 588 608 608 588 588 606 606 607 607 606 606 617 617 603 603 617 617 602 602 617 617 603 603 607 607 602 602 597 597 566 566 602 602 598 598 597 597 234 234 4 4 598 598 618 618 619 619 620 620 456 456 455 455 618 618 621 621 180 180 622 622 180 180 623 623 622 622 180 180 624 624 458 458 180 180 621 621 624 624 180 180 625 625 457 457 459 459 625 625 180 180 626 626 627 627 628 628 277 277 457 457 460 460 626 626 629 629 630 630 630 630 631 631 632 632 277 277 461 461 462 462 633 633 632 632 631 631 277 277 463 463 466 466 631 631 279 279 633 633 280 280 634 634 278 278 634 634 280 280 473 473 277 277 468 468 470 470 473 473 26 26 634 634 277 277 471 471 465 465 277 277 635 635 469 469 277 277 464 464 635 635 26 26 636 636 634 634 26 26 469 469 636 636 278 278 633 633 279 279 626 626 630 630 632 632 626 626 628 628 629 629 452 452 454 454 627 627 454 454 628 628 627 627 455 455 453 453 452 452 620 620 456 456 618 618 447 447 620 620 619 619 449 449 448 448 451 451 447 447 619 619 448 448 445 445 444 444 451 451 450 450 449 449 451 451 441 441 440 440 446 446 446 446 443 443 445 445 239 239 241 241 441 441 508 508 240 240 239 239 504 504 506 506 508 508 507 507 505 505 504 504 500 500 502 502 507 507 496 496 501 501 500 500 637 637 503 503 497 497 496 496 498 498 501 501 499 499 637 637 638 638 637 637 499 499 503 503 639 639 98 98 638 638 499 499 638 638 98 98 244 244 10 10 98 98 98 98 639 639 245 245 640 640 180 180 244 244 10 10 244 244 180 180 641 641 180 180 642 642 180 180 640 640 642 642 643 643 180 180 644 644 180 180 641 641 644 644 623 623 180 180 643 643 645 645 0 0 46 46 645 645 646 646 0 0 10 10 647 647 648 648 10 10 648 648 27 27 26 26 649 649 29 29 649 649 26 26 650 650 651 651 47 47 4 4 651 651 652 652 47 47 653 653 654 654 655 655 656 656 657 657 658 658 659 659 653 653 660 660 653 653 659 659 654 654 660 660 661 661 662 662 662 662 659 659 660 660 662 662 661 661 663 663 663 663 664 664 650 650 664 664 663 663 661 661 650 650 664 664 648 648 650 650 648 648 649 649 665 665 649 649 666 666 667 667 649 649 665 665 668 668 649 649 669 669 668 668 666 666 649 649 670 670 671 671 651 651 651 651 672 672 669 669 672 672 651 651 673 673 651 651 671 671 673 673 646 646 651 651 647 647 669 669 649 649 651 651 645 645 652 652 646 646 674 674 656 656 675 675 656 656 674 674 657 657 675 675 676 676 677 677 677 677 674 674 675 675 678 678 679 679 676 676 677 677 676 676 679 679 645 645 678 678 652 652 678 678 645 645 679 679 652 652 651 651 646 646 651 651 649 649 647 647 680 680 646 646 681 681 682 682 646 646 683 683 682 682 681 681 646 646 684 684 683 683 646 646 685 685 647 647 686 686 687 687 684 684 647 647 647 647 688 688 687 687 685 685 688 688 647 647 646 646 647 647 684 684 647 647 649 649 648 648 7 7 684 684 687 687 688 688 9 9 687 687 7 7 687 687 9 9 688 688 685 685 12 12 12 12 9 9 688 688 11 11 685 685 686 686 685 685 11 11 12 12 647 647 13 13 686 686 11 11 686 686 13 13 10 10 13 13 647 647 8 8 684 684 7 7 683 683 8 8 6 6 8 8 683 683 684 684 2 2 682 682 6 6 683 683 6 6 682 682 2 2 1 1 681 681 681 681 682 682 2 2 680 680 1 1 0 0 1 1 680 680 681 681 680 680 0 0 646 646 657 657 51 51 658 658 657 657 674 674 49 49 49 49 51 51 657 657 52 52 674 674 677 677 674 674 52 52 49 49 679 679 45 45 677 677 52 52 677 677 45 45 679 679 645 645 43 43 43 43 45 45 679 679 645 645 46 46 43 43 50 50 658 658 51 51 656 656 50 50 53 53 50 50 656 656 658 658 44 44 675 675 53 53 656 656 53 53 675 675 44 44 48 48 676 676 676 676 675 675 44 44 678 678 48 48 47 47 48 48 678 678 676 676 678 678 47 47 652 652 5 5 669 669 672 672 673 673 3 3 672 672 5 5 672 672 3 3 673 673 671 671 37 37 37 37 3 3 673 673 35 35 671 671 670 670 671 671 35 35 37 37 651 651 36 36 670 670 35 35 670 670 36 36 4 4 36 36 651 651 34 34 669 669 5 5 668 668 34 34 33 33 34 34 668 668 669 669 28 28 666 666 33 33 668 668 33 33 666 666 28 28 30 30 665 665 665 665 666 666 28 28 667 667 30 30 29 29 30 30 667 667 665 665 667 667 29 29 649 649 654 654 20 20 655 655 654 654 659 659 19 19 19 19 20 20 654 654 17 17 659 659 662 662 659 659 17 17 19 19 663 663 21 21 662 662 17 17 662 662 21 21 663 663 650 650 24 24 24 24 21 21 663 663 650 650 26 26 24 24 18 18 655 655 20 20 653 653 18 18 22 22 18 18 653 653 655 655 23 23 660 660 22 22 653 653 22 22 660 660 23 23 25 25 661 661 661 661 660 660 23 23 664 664 25 25 27 27 25 25 664 664 661 661 664 664 27 27 648 648 689 689 690 690 186 186 188 188 691 691 689 689 689 689 186 186 188 188 186 186 690 690 392 392 690 690 692 692 392 392 392 392 692 692 512 512 693 693 528 528 426 426 427 427 694 694 426 426 693 693 426 426 694 694 695 695 694 694 427 427 696 696 528 528 693 693 204 204 696 696 691 691 696 696 204 204 528 528 204 204 691 691 188 188 697 697 530 530 522 522 524 524 698 698 522 522 697 697 522 522 698 698 699 699 698 698 524 524 700 700 530 530 697 697 529 529 700 700 695 695 700 700 529 529 530 530 529 529 695 695 427 427 524 524 701 701 699 699 701 701 524 524 523 523 206 206 702 702 701 701 206 206 701 701 523 523 206 206 703 703 702 702 703 703 206 206 203 203 203 203 704 704 703 703 704 704 203 203 434 434 434 434 435 435 705 705 434 434 705 705 704 704 435 435 405 405 706 706 435 435 706 706 705 705 707 707 708 708 414 414 415 415 709 709 707 707 707 707 414 414 415 415 414 414 708 708 407 407 708 708 706 706 407 407 407 407 706 706 405 405 710 710 509 509 520 520 519 519 711 711 520 520 710 710 520 520 711 711 712 712 711 711 519 519 713 713 509 509 710 710 311 311 713 713 709 709 713 713 311 311 509 509 311 311 709 709 415 415 714 714 517 517 516 516 313 313 715 715 516 516 714 714 516 516 715 715 716 716 715 715 313 313 717 717 517 517 714 714 518 518 717 717 712 712 717 717 518 518 517 517 518 518 712 712 519 519 718 718 719 719 521 521 406 406 720 720 718 718 718 718 521 521 406 406 521 521 719 719 312 312 719 719 716 716 312 312 312 312 716 716 313 313 512 512 692 692 720 720 512 512 720 720 406 406 709 709 713 713 699 699 709 709 699 699 701 701 691 691 696 696 716 716 698 698 713 713 710 710 697 697 711 711 700 700 706 706 708 708 703 703 695 695 700 700 712 712 714 714 694 694 717 717 717 717 695 695 712 712 701 701 702 702 703 703 705 705 706 706 704 704 715 715 693 693 714 714 704 704 706 706 703 703 718 718 720 720 690 690 701 701 708 708 707 707 708 708 701 701 703 703 707 707 709 709 701 701 713 713 698 698 699 699 711 711 697 697 710 710 697 697 698 698 710 710 712 712 700 700 711 711 694 694 695 695 717 717 693 693 694 694 714 714 696 696 715 715 716 716 693 693 715 715 696 696 719 719 689 689 691 691 691 691 716 716 719 719 718 718 689 689 719 719 718 718 690 690 689 689 690 690 720 720 692 692 310 310 109 109 721 721 310 310 721 721 722 722 109 109 111 111 723 723 109 109 723 723 721 721 111 111 724 724 723 723 724 724 111 111 557 557 557 557 558 558 725 725 557 557 725 725 724 724 554 554 726 726 357 357 554 554 539 539 727 727 727 727 726 726 554 554 728 728 539 539 537 537 539 539 728 728 727 727 215 215 729 729 537 537 728 728 537 537 729 729 730 730 729 729 215 215 731 731 357 357 726 726 732 732 358 358 731 731 357 357 731 731 358 358 732 732 733 733 555 555 555 555 358 358 732 732 556 556 733 733 725 725 733 733 556 556 555 555 556 556 725 725 558 558 536 536 734 734 216 216 536 536 538 538 735 735 735 735 734 734 536 536 736 736 538 538 540 540 538 538 736 736 735 735 542 542 737 737 540 540 736 736 540 540 737 737 738 738 737 737 542 542 739 739 216 216 734 734 740 740 214 214 739 739 216 216 739 739 214 214 740 740 741 741 544 544 544 544 214 214 740 740 531 531 741 741 730 730 741 741 531 531 544 544 531 531 730 730 215 215 742 742 743 743 543 543 195 195 744 744 742 742 742 742 543 543 195 195 543 543 743 743 541 541 743 743 738 738 541 541 541 541 738 738 542 542 147 147 745 745 744 744 147 147 744 744 195 195 746 746 551 551 552 552 550 550 747 747 552 552 746 746 552 552 747 747 748 748 747 747 550 550 749 749 551 551 746 746 553 553 749 749 745 745 749 749 553 553 551 551 553 553 745 745 147 147 209 209 750 750 751 751 750 750 211 211 752 752 211 211 750 750 209 209 753 753 752 752 201 201 211 211 201 201 752 752 205 205 754 754 753 753 753 753 201 201 205 205 209 209 751 751 547 547 755 755 220 220 547 547 547 547 751 751 755 755 220 220 756 756 221 221 756 756 220 220 755 755 756 756 748 748 221 221 221 221 748 748 550 550 513 513 757 757 758 758 757 757 514 514 759 759 514 514 757 757 513 513 760 760 759 759 511 511 514 514 511 511 759 759 510 510 761 761 760 760 760 760 511 511 510 510 513 513 758 758 391 391 762 762 187 187 391 391 391 391 758 758 762 762 187 187 763 763 365 365 763 763 187 187 762 762 763 763 754 754 365 365 365 365 754 754 205 205 510 510 764 764 761 761 764 764 510 510 535 535 534 534 765 765 764 764 534 534 764 764 535 535 534 534 766 766 765 765 766 766 534 534 533 533 533 533 532 532 767 767 533 533 767 767 766 766 532 532 768 768 767 767 768 768 532 532 525 525 525 525 237 237 769 769 525 525 769 769 768 768 237 237 310 310 722 722 237 237 722 722 769 769 767 767 769 769 722 722 724 724 721 721 723 723 731 731 763 763 762 762 767 767 768 768 769 769 763 763 731 731 726 726 731 731 762 762 732 732 721 721 724 724 722 722 754 754 727 727 753 753 727 727 754 754 726 726 752 752 728 728 729 729 728 728 752 752 753 753 750 750 730 730 741 741 729 729 730 730 750 750 740 740 751 751 741 741 741 741 751 751 750 750 755 755 734 734 735 735 751 751 739 739 755 755 756 756 737 737 748 748 735 735 736 736 756 756 747 747 738 738 743 743 738 738 747 747 748 748 747 747 743 743 746 746 746 746 743 743 742 742 742 742 744 744 749 749 749 749 746 746 742 742 744 744 745 745 749 749 738 738 748 748 737 737 737 737 756 756 736 736 735 735 756 756 755 755 740 740 739 739 751 751 739 739 734 734 755 755 729 729 750 750 752 752 763 763 726 726 754 754 727 727 728 728 753 753 758 758 757 757 732 732 762 762 758 758 732 732 757 757 733 733 732 732 733 733 757 757 759 759 760 760 725 725 733 733 733 733 759 759 760 760 725 725 761 761 724 724 761 761 725 725 760 760 761 761 764 764 724 724 765 765 766 766 767 767 724 724 764 764 722 722 764 764 767 767 722 722 765 765 767 767 764 764 572 572 770 770 771 771 770 770 573 573 772 772 573 573 770 770 572 572 773 773 772 772 559 559 573 573 559 559 772 772 568 568 774 774 773 773 773 773 559 559 568 568 572 572 771 771 581 581 775 775 580 580 581 581 581 581 771 771 775 775 580 580 776 776 585 585 776 776 580 580 775 775 776 776 777 777 585 585 585 585 777 777 587 587 778 778 560 560 561 561 234 234 779 779 561 561 778 778 561 561 779 779 780 780 779 779 234 234 781 781 560 560 778 778 567 567 781 781 774 774 781 781 567 567 560 560 567 567 774 774 568 568 234 234 598 598 782 782 234 234 782 782 780 780 783 783 617 617 606 606 575 575 784 784 606 606 783 783 606 606 784 784 785 785 784 784 575 575 786 786 617 617 783 783 602 602 786 786 782 782 786 786 602 602 617 617 602 602 782 782 598 598 579 579 578 578 787 787 788 788 578 578 577 577 578 578 788 788 787 787 582 582 789 789 577 577 788 788 577 577 789 789 790 790 789 789 582 582 791 791 579 579 787 787 791 791 792 792 584 584 584 584 579 579 791 791 574 574 792 792 785 785 792 792 574 574 584 584 574 574 785 785 575 575 588 588 608 608 793 793 794 794 608 608 607 607 608 608 794 794 793 793 603 603 795 795 607 607 794 794 607 607 795 795 796 796 795 795 603 603 797 797 588 588 793 793 797 797 798 798 576 576 576 576 588 588 797 797 583 583 798 798 790 790 798 798 583 583 576 576 583 583 790 790 582 582 564 564 570 570 799 799 800 800 570 570 590 590 570 570 800 800 799 799 596 596 801 801 590 590 800 800 590 590 801 801 802 802 801 801 596 596 803 803 564 564 799 799 803 803 804 804 562 562 562 562 564 564 803 803 571 571 804 804 796 796 804 804 571 571 562 562 571 571 796 796 603 603 591 591 805 805 592 592 591 591 600 600 806 806 806 806 805 805 591 591 807 807 600 600 569 569 600 600 807 807 806 806 565 565 808 808 569 569 807 807 569 569 808 808 809 809 808 808 565 565 810 810 592 592 805 805 811 811 594 594 810 810 592 592 810 810 594 594 811 811 812 812 595 595 595 595 594 594 811 811 593 593 812 812 802 802 812 812 593 593 595 595 593 593 802 802 596 596 813 813 814 814 566 566 597 597 815 815 813 813 813 813 566 566 597 597 566 566 814 814 563 563 814 814 809 809 563 563 563 563 809 809 565 565 599 599 816 816 815 815 599 599 815 815 597 597 817 817 818 818 616 616 614 614 819 819 817 817 817 817 616 616 614 614 616 616 818 818 615 615 818 818 816 816 615 615 615 615 816 816 599 599 820 820 821 821 612 612 611 611 822 822 820 820 820 820 612 612 611 611 612 612 821 821 613 613 821 821 819 819 613 613 613 613 819 819 614 614 601 601 823 823 824 824 823 823 548 548 825 825 548 548 823 823 601 601 826 826 825 825 217 217 548 548 217 217 825 825 181 181 827 827 826 826 826 826 217 217 181 181 601 601 824 824 605 605 828 828 609 609 605 605 605 605 824 824 828 828 609 609 829 829 610 610 829 829 609 609 828 828 829 829 822 822 610 610 610 610 822 822 611 611 16 16 830 830 831 831 830 830 589 589 832 832 589 589 830 830 16 16 833 833 832 832 226 226 589 589 226 226 832 832 227 227 834 834 833 833 833 833 226 226 227 227 16 16 831 831 223 223 835 835 224 224 223 223 223 223 831 831 835 835 224 224 836 836 101 101 836 836 224 224 835 835 836 836 827 827 101 101 101 101 827 827 181 181 229 229 837 837 838 838 837 837 233 233 839 839 233 233 837 837 229 229 840 840 839 839 586 586 233 233 586 586 839 839 587 587 777 777 840 840 840 840 586 586 587 587 229 229 838 838 230 230 841 841 231 231 230 230 230 230 838 838 841 841 231 231 842 842 232 232 842 842 231 231 841 841 842 842 834 834 232 232 232 232 834 834 227 227 798 798 797 797 840 840 773 773 792 792 791 791 772 772 773 773 791 791 774 774 781 781 784 784 785 785 792 792 774 774 784 784 778 778 783 783 778 778 784 784 781 781 780 780 782 782 786 786 778 778 779 779 783 783 779 779 786 786 783 783 786 786 779 779 780 780 785 785 774 774 784 784 771 771 789 789 775 775 771 771 770 770 788 788 774 774 792 792 773 773 772 772 791 791 787 787 770 770 787 787 788 788 772 772 787 787 770 770 771 771 788 788 789 789 775 775 790 790 776 776 790 790 775 775 789 789 777 777 776 776 798 798 790 790 798 798 776 776 838 838 793 793 794 794 833 833 804 804 832 832 795 795 796 796 842 842 801 801 836 836 800 800 799 799 830 830 803 803 799 799 835 835 831 831 836 836 801 801 827 827 800 800 836 836 835 835 825 825 802 802 812 812 802 802 826 826 827 827 823 823 810 810 824 824 811 811 823 823 825 825 823 823 811 811 810 810 828 828 807 807 829 829 824 824 805 805 828 828 809 809 814 814 820 820 808 808 822 822 829 829 821 821 813 813 819 819 813 813 821 821 814 814 819 819 813 813 817 817 815 815 818 818 817 817 817 817 813 813 815 815 815 815 816 816 818 818 814 814 821 821 820 820 820 820 822 822 809 809 808 808 829 829 807 807 809 809 822 822 808 808 807 807 828 828 806 806 810 810 805 805 824 824 805 805 806 806 828 828 825 825 812 812 811 811 802 802 827 827 801 801 825 825 826 826 802 802 830 830 799 799 831 831 800 800 835 835 799 799 804 804 803 803 832 832 832 832 803 803 830 830 834 834 796 796 833 833 833 833 796 796 804 804 795 795 842 842 841 841 796 796 834 834 842 842 841 841 838 838 794 794 794 794 795 795 841 841 837 837 839 839 793 793 793 793 838 838 837 837 797 797 839 839 840 840 839 839 797 797 793 793 840 840 777 777 798 798 843 843 844 844 845 845 846 846 844 844 847 847 844 844 846 846 845 845 848 848 849 849 847 847 846 846 847 847 849 849 850 850 849 849 848 848 851 851 843 843 845 845 851 851 852 852 853 853 853 853 843 843 851 851 854 854 852 852 855 855 852 852 854 854 853 853 854 854 855 855 856 856 857 857 858 858 859 859 857 857 860 860 861 861 861 861 858 858 857 857 862 862 860 860 863 863 860 860 862 862 861 861 864 864 865 865 863 863 862 862 863 863 865 865 864 864 866 866 867 867 867 867 865 865 864 864 868 868 866 866 869 869 866 866 868 868 867 867 870 870 871 871 869 869 868 868 869 869 871 871 872 872 871 871 870 870 873 873 859 859 858 858 874 874 875 875 873 873 859 859 873 873 875 875 874 874 876 876 877 877 877 877 875 875 874 874 878 878 876 876 879 879 876 876 878 878 877 877 880 880 881 881 879 879 878 878 879 879 881 881 880 880 882 882 883 883 883 883 881 881 880 880 884 884 882 882 850 850 882 882 884 884 883 883 884 884 850 850 848 848 885 885 886 886 887 887 888 888 886 886 889 889 886 886 888 888 887 887 890 890 891 891 889 889 888 888 889 889 891 891 892 892 891 891 890 890 893 893 885 885 887 887 893 893 894 894 895 895 895 895 885 885 893 893 896 896 894 894 872 872 894 894 896 896 895 895 896 896 872 872 870 870 897 897 898 898 899 899 898 898 900 900 901 901 900 900 898 898 897 897 902 902 901 901 903 903 900 900 903 903 901 901 904 904 905 905 902 902 902 902 903 903 904 904 897 897 899 899 906 906 907 907 908 908 906 906 906 906 899 899 907 907 908 908 909 909 910 910 909 909 908 908 907 907 909 909 892 892 910 910 910 910 892 892 890 890 911 911 912 912 913 913 914 914 912 912 915 915 912 912 914 914 913 913 916 916 917 917 915 915 914 914 915 915 917 917 918 918 917 917 916 916 919 919 911 911 913 913 919 919 920 920 921 921 921 921 911 911 919 919 922 922 920 920 905 905 920 920 922 922 921 921 922 922 905 905 904 904 923 923 924 924 925 925 926 926 924 924 927 927 924 924 926 926 925 925 928 928 929 929 927 927 926 926 927 927 929 929 930 930 929 929 928 928 931 931 923 923 925 925 931 931 932 932 933 933 933 933 923 923 931 931 934 934 932 932 918 918 932 932 934 934 933 933 934 934 918 918 916 916 620 620 935 935 936 936 935 935 447 447 937 937 447 447 935 935 620 620 938 938 937 937 449 449 447 447 449 449 937 937 450 450 939 939 938 938 938 938 449 449 450 450 620 620 936 936 456 456 940 940 453 453 456 456 456 456 936 936 940 940 453 453 941 941 454 454 941 941 453 453 940 940 941 941 942 942 454 454 454 454 942 942 628 628 241 241 943 943 944 944 943 943 240 240 945 945 240 240 943 943 241 241 946 946 945 945 506 506 240 240 506 506 945 945 505 505 947 947 946 946 946 946 506 506 505 505 241 241 944 944 440 440 948 948 443 443 440 440 440 440 944 944 948 948 443 443 949 949 444 444 949 949 443 443 948 948 949 949 939 939 444 444 444 444 939 939 450 450 503 503 950 950 951 951 950 950 499 499 952 952 499 499 950 950 503 503 953 953 952 952 282 282 499 499 282 282 952 952 281 281 954 954 953 953 953 953 282 282 281 281 503 503 951 951 498 498 955 955 501 501 498 498 498 498 951 951 955 955 501 501 956 956 502 502 956 956 501 501 955 955 956 956 947 947 502 502 502 502 947 947 505 505 493 493 957 957 958 958 957 957 490 490 959 959 490 490 957 957 493 493 960 960 959 959 491 491 490 490 491 491 959 959 489 489 961 961 960 960 960 960 491 491 489 489 493 493 958 958 492 492 962 962 495 495 492 492 492 492 958 958 962 962 495 495 963 963 494 494 963 963 495 495 962 962 963 963 954 954 494 494 494 494 954 954 281 281 484 484 964 964 965 965 964 964 485 485 966 966 485 485 964 964 484 484 967 967 966 966 483 483 485 485 483 483 966 966 475 475 968 968 967 967 967 967 483 483 475 475 484 484 965 965 487 487 969 969 486 486 487 487 487 487 965 965 969 969 486 486 970 970 488 488 970 970 486 486 969 969 970 970 961 961 488 488 488 488 961 961 489 489 971 971 482 482 480 480 481 481 972 972 480 480 971 971 480 480 972 972 973 973 972 972 481 481 974 974 482 482 971 971 474 474 974 974 968 968 974 974 474 474 482 482 474 474 968 968 475 475 975 975 479 479 476 476 477 477 976 976 476 476 975 975 476 476 976 976 977 977 976 976 477 477 978 978 479 479 975 975 478 478 978 978 973 973 978 978 478 478 479 479 478 478 973 973 481 481 979 979 438 438 442 442 472 472 980 980 442 442 979 979 442 442 980 980 981 981 980 980 472 472 982 982 438 438 979 979 439 439 982 982 977 977 982 982 439 439 438 438 439 439 977 977 477 477 631 631 983 983 984 984 983 983 630 630 985 985 630 630 983 983 631 631 986 986 985 985 629 629 630 630 629 629 985 985 628 628 942 942 986 986 986 986 629 629 628 628 631 631 984 984 279 279 987 987 280 280 279 279 279 279 984 984 987 987 280 280 988 988 473 473 988 988 280 280 987 987 988 988 981 981 473 473 473 473 981 981 472 472 989 989 990 990 991 991 992 992 990 990 993 993 990 990 992 992 991 991 856 856 994 994 993 993 992 992 993 993 994 994 855 855 994 994 856 856 995 995 989 989 991 991 995 995 996 996 997 997 997 997 989 989 995 995 998 998 996 996 930 930 996 996 998 998 997 997 998 998 930 930 928 928 959 959 862 862 957 957 914 914 940 940 936 936 939 939 920 920 938 938 944 944 899 899 898 898 901 901 949 949 948 948 954 954 963 963 871 871 865 865 958 958 957 957 888 888 891 891 955 955 887 887 888 888 951 951 894 894 953 953 954 954 953 953 893 893 952 952 872 872 894 894 954 954 956 956 891 891 892 892 909 909 907 907 946 946 909 909 947 947 892 892 958 958 867 867 962 962 963 963 962 962 868 868 971 971 972 972 845 845 945 945 946 946 907 907 960 960 861 861 862 862 970 970 969 969 873 873 967 967 882 882 880 880 876 876 874 874 965 965 880 880 966 966 967 967 964 964 966 966 879 879 850 850 882 882 968 968 849 849 974 974 846 846 968 968 974 974 849 849 845 845 846 846 971 971 961 961 970 970 858 858 972 972 973 973 851 851 852 852 851 851 978 978 981 981 930 930 996 996 982 982 991 991 992 992 979 979 980 980 995 995 994 994 977 977 992 992 976 976 855 855 975 975 855 855 852 852 975 975 973 973 978 978 851 851 978 978 975 975 852 852 987 987 929 929 988 988 985 985 986 986 932 932 985 985 931 931 983 983 918 918 986 986 942 942 898 898 948 948 944 944 949 949 902 902 939 939 940 940 917 917 941 941 919 919 913 913 935 935 902 902 905 905 939 939 919 919 937 937 938 938 984 984 983 983 925 925 845 845 972 972 851 851 984 984 926 926 987 987 974 974 971 971 846 846 968 968 849 849 850 850 968 968 882 882 967 967 880 880 879 879 966 966 964 964 879 879 876 876 964 964 876 876 965 965 969 969 874 874 873 873 965 965 874 874 969 969 970 970 873 873 858 858 960 960 961 961 861 861 961 961 858 858 861 861 959 959 960 960 862 862 865 865 957 957 862 862 867 867 958 958 865 865 868 868 962 962 867 867 871 871 963 963 868 868 872 872 954 954 871 871 953 953 894 894 893 893 952 952 893 893 887 887 951 951 950 950 887 887 952 952 887 887 950 950 955 955 951 951 888 888 956 956 955 955 891 891 947 947 956 956 892 892 946 946 947 947 909 909 943 943 945 945 907 907 944 944 943 943 899 899 943 943 907 907 899 899 948 948 898 898 901 901 949 949 901 901 902 902 905 905 920 920 939 939 920 920 919 919 938 938 937 937 919 919 935 935 936 936 913 913 914 914 935 935 913 913 936 936 940 940 914 914 917 917 918 918 942 942 917 917 942 942 941 941 917 917 932 932 986 986 918 918 931 931 985 985 932 932 925 925 983 983 931 931 926 926 984 984 925 925 930 930 988 988 929 929 929 929 987 987 926 926 996 996 980 980 981 981 930 930 981 981 988 988 995 995 991 991 979 979 996 996 995 995 980 980 982 982 992 992 977 977 979 979 991 991 982 982 977 977 994 994 976 976 855 855 976 976 994 994 132 132 210 210 999 999 132 132 999 999 1000 1000 210 210 1001 1001 999 999 1001 1001 210 210 373 373 373 373 1002 1002 1001 1001 1002 1002 373 373 339 339 121 121 1003 1003 144 144 121 121 395 395 1004 1004 1004 1004 1003 1003 121 121 1005 1005 395 395 394 394 395 395 1005 1005 1004 1004 135 135 1006 1006 394 394 1005 1005 394 394 1006 1006 1007 1007 1006 1006 135 135 1008 1008 144 144 1003 1003 1009 1009 397 397 1008 1008 144 144 1008 1008 397 397 1009 1009 1010 1010 146 146 146 146 397 397 1009 1009 381 381 1010 1010 1002 1002 1010 1010 381 381 146 146 381 381 1002 1002 339 339 399 399 1011 1011 1012 1012 1011 1011 433 433 1013 1013 433 433 1011 1011 399 399 1014 1014 1013 1013 429 429 433 433 429 429 1013 1013 437 437 1015 1015 1014 1014 1014 1014 429 429 437 437 399 399 1012 1012 303 303 1016 1016 293 293 303 303 303 303 1012 1012 1016 1016 293 293 1017 1017 295 295 1017 1017 293 293 1016 1016 1017 1017 1007 1007 295 295 295 295 1007 1007 135 135 1018 1018 318 318 320 320 401 401 1019 1019 320 320 1018 1018 320 320 1019 1019 1020 1020 1019 1019 401 401 1021 1021 318 318 1018 1018 321 321 1021 1021 1015 1015 1021 1021 321 321 318 318 321 321 1015 1015 437 437 1022 1022 404 404 431 431 432 432 1023 1023 431 431 1022 1022 431 431 1023 1023 1024 1024 1023 1023 432 432 1025 1025 404 404 1022 1022 400 400 1025 1025 1020 1020 1025 1025 400 400 404 404 400 400 1020 1020 401 401 432 432 430 430 1026 1026 432 432 1026 1026 1024 1024 319 319 1027 1027 1026 1026 319 319 1026 1026 430 430 319 319 436 436 1028 1028 319 319 1028 1028 1027 1027 436 436 202 202 1029 1029 436 436 1029 1029 1028 1028 202 202 1030 1030 1029 1029 1030 1030 202 202 369 369 369 369 1031 1031 1030 1030 1031 1031 369 369 425 425 305 305 1032 1032 421 421 305 305 307 307 1033 1033 1033 1033 1032 1032 305 305 1034 1034 307 307 152 152 307 307 1034 1034 1033 1033 418 418 1035 1035 152 152 1034 1034 152 152 1035 1035 1036 1036 1035 1035 418 418 1037 1037 421 421 1032 1032 1038 1038 422 422 1037 1037 421 421 1037 1037 422 422 1038 1038 1039 1039 423 423 423 423 422 422 1038 1038 424 424 1039 1039 1031 1031 1039 1039 424 424 423 423 424 424 1031 1031 425 425 306 306 1040 1040 420 420 306 306 131 131 1041 1041 1041 1041 1040 1040 306 306 1042 1042 131 131 130 130 131 131 1042 1042 1041 1041 156 156 1043 1043 130 130 1042 1042 130 130 1043 1043 1044 1044 1043 1043 156 156 1045 1045 420 420 1040 1040 1046 1046 150 150 1045 1045 420 420 1045 1045 150 150 1046 1046 1047 1047 151 151 151 151 150 150 1046 1046 419 419 1047 1047 1036 1036 1047 1047 419 419 151 151 419 419 1036 1036 418 418 275 275 1048 1048 1049 1049 1048 1048 273 273 1050 1050 273 273 1048 1048 275 275 1051 1051 1050 1050 272 272 273 273 272 272 1050 1050 271 271 1052 1052 1051 1051 1051 1051 272 272 271 271 275 275 1049 1049 140 140 1053 1053 141 141 140 140 140 140 1049 1049 1053 1053 141 141 1054 1054 126 126 1054 1054 141 141 1053 1053 1054 1054 1044 1044 126 126 126 126 1044 1044 156 156 125 125 1055 1055 1056 1056 1055 1055 127 127 1057 1057 127 127 1055 1055 125 125 1058 1058 1057 1057 396 396 127 127 396 396 1057 1057 132 132 1000 1000 1058 1058 1058 1058 396 396 132 132 125 125 1056 1056 142 142 1059 1059 274 274 142 142 142 142 1056 1056 1059 1059 274 274 1060 1060 270 270 1060 1060 274 274 1059 1059 1060 1060 1052 1052 270 270 270 270 1052 1052 271 271 1002 1002 1010 1010 1058 1058 1000 1000 999 999 1001 1001 1053 1053 1049 1049 1014 1014 1015 1015 1054 1054 1053 1053 1055 1055 1057 1057 1009 1009 1000 1000 1001 1001 1002 1002 1059 1059 1056 1056 1004 1004 1055 1055 1008 1008 1003 1003 1060 1060 1006 1006 1007 1007 1005 1005 1006 1006 1059 1059 1052 1052 1016 1016 1051 1051 1017 1017 1052 1052 1060 1060 1048 1048 1050 1050 1011 1011 1051 1051 1016 1016 1012 1012 1044 1044 1021 1021 1043 1043 1048 1048 1013 1013 1049 1049 1020 1020 1040 1040 1019 1019 1041 1041 1042 1042 1018 1018 1046 1046 1025 1025 1022 1022 1025 1025 1045 1045 1020 1020 1036 1036 1023 1023 1024 1024 1023 1023 1047 1047 1022 1022 1032 1032 1033 1033 1026 1026 1028 1028 1038 1038 1037 1037 1028 1028 1031 1031 1039 1039 1026 1026 1034 1034 1035 1035 1026 1026 1027 1027 1028 1028 1030 1030 1031 1031 1029 1029 1029 1029 1031 1031 1028 1028 1020 1020 1045 1045 1040 1040 1039 1039 1038 1038 1028 1028 1032 1032 1026 1026 1028 1028 1032 1032 1028 1028 1037 1037 1034 1034 1026 1026 1033 1033 1036 1036 1024 1024 1035 1035 1024 1024 1026 1026 1035 1035 1047 1047 1023 1023 1036 1036 1046 1046 1022 1022 1047 1047 1045 1045 1025 1025 1046 1046 1019 1019 1040 1040 1041 1041 1018 1018 1042 1042 1043 1043 1018 1018 1019 1019 1041 1041 1015 1015 1021 1021 1044 1044 1021 1021 1018 1018 1043 1043 1054 1054 1015 1015 1044 1044 1013 1013 1014 1014 1049 1049 1014 1014 1015 1015 1053 1053 1011 1011 1013 1013 1048 1048 1012 1012 1011 1011 1050 1050 1016 1016 1052 1052 1017 1017 1051 1051 1012 1012 1050 1050 1007 1007 1017 1017 1060 1060 1059 1059 1004 1004 1005 1005 1059 1059 1006 1006 1060 1060 1056 1056 1003 1003 1004 1004 1008 1008 1055 1055 1009 1009 1056 1056 1055 1055 1003 1003 1009 1009 1057 1057 1010 1010 1002 1002 1058 1058 1000 1000 1010 1010 1057 1057 1058 1058 120 120 119 119 1061 1061 1062 1062 119 119 143 143 119 119 1062 1062 1061 1061 145 145 1063 1063 143 143 1062 1062 143 143 1063 1063 1064 1064 1063 1063 145 145 1065 1065 120 120 1061 1061 1065 1065 1066 1066 393 393 393 393 120 120 1065 1065 136 136 1066 1066 1067 1067 1066 1066 136 136 393 393 136 136 1067 1067 134 134 1068 1068 379 379 389 389 338 338 1069 1069 389 389 1068 1068 389 389 1069 1069 1070 1070 1069 1069 338 338 1071 1071 379 379 1068 1068 380 380 1071 1071 1064 1064 1071 1071 380 380 379 379 380 380 1064 1064 145 145 1072 1072 1073 1073 388 388 387 387 1074 1074 1072 1072 1072 1072 388 388 387 387 388 388 1073 1073 340 340 1073 1073 1070 1070 340 340 340 340 1070 1070 338 338 1075 1075 1076 1076 385 385 346 346 1077 1077 1075 1075 1075 1075 385 385 346 346 385 385 1076 1076 386 386 1076 1076 1074 1074 386 386 386 386 1074 1074 387 387 1078 1078 1079 1079 349 349 353 353 1080 1080 1078 1078 1078 1078 349 349 353 353 349 349 1079 1079 348 348 1079 1079 1077 1077 348 348 348 348 1077 1077 346 346 251 251 250 250 1081 1081 1082 1082 250 250 154 154 250 250 1082 1082 1081 1081 153 153 1083 1083 154 154 1082 1082 154 154 1083 1083 1084 1084 1083 1083 153 153 1085 1085 251 251 1081 1081 1085 1085 1086 1086 252 252 252 252 251 251 1085 1085 253 253 1086 1086 1080 1080 1086 1086 253 253 252 252 253 253 1080 1080 353 353 361 361 1087 1087 1088 1088 1087 1087 355 355 1089 1089 355 355 1087 1087 361 361 1090 1090 1089 1089 155 155 355 355 155 155 1089 1089 254 254 1091 1091 1090 1090 1090 1090 155 155 254 254 361 361 1088 1088 364 364 1092 1092 360 360 364 364 364 364 1088 1088 1092 1092 360 360 1093 1093 356 356 1093 1093 360 360 1092 1092 1093 1093 1084 1084 356 356 356 356 1084 1084 153 153 1094 1094 350 350 1095 1095 1095 1095 384 384 383 383 350 350 384 384 1095 1095 382 382 1096 1096 383 383 1095 1095 383 383 1096 1096 1097 1097 1096 1096 382 382 1094 1094 351 351 350 350 1098 1098 1099 1099 351 351 1098 1098 351 351 1094 1094 371 371 1099 1099 1091 1091 1099 1099 371 371 351 351 371 371 1091 1091 254 254 1100 1100 345 345 344 344 378 378 1101 1101 344 344 1100 1100 344 344 1101 1101 1102 1102 1101 1101 378 378 1103 1103 345 345 1100 1100 347 347 1103 1103 1097 1097 1103 1103 347 347 345 345 347 347 1097 1097 382 382 377 377 1104 1104 1102 1102 377 377 1102 1102 378 378 1105 1105 372 372 374 374 213 213 1106 1106 374 374 1105 1105 374 374 1106 1106 1107 1107 1106 1106 213 213 1108 1108 372 372 1105 1105 390 390 1108 1108 1104 1104 1108 1108 390 390 372 372 390 390 1104 1104 377 377 247 247 200 200 1109 1109 1110 1110 200 200 192 192 200 200 1110 1110 1109 1109 191 191 1111 1111 192 192 1110 1110 192 192 1111 1111 1112 1112 1111 1111 191 191 1113 1113 247 247 1109 1109 1113 1113 1114 1114 246 246 246 246 247 247 1113 1113 375 375 1114 1114 1107 1107 1114 1114 375 375 246 246 375 375 1107 1107 213 213 157 157 368 368 1115 1115 1116 1116 368 368 367 367 368 368 1116 1116 1115 1115 366 366 1117 1117 367 367 1116 1116 367 367 1117 1117 1118 1118 1117 1117 366 366 1119 1119 157 157 1115 1115 1119 1119 1120 1120 158 158 158 158 157 157 1119 1119 370 370 1120 1120 1112 1112 1120 1120 370 370 158 158 370 370 1112 1112 191 191 1121 1121 362 362 359 359 354 354 1122 1122 359 359 1121 1121 359 359 1122 1122 1123 1123 1122 1122 354 354 1124 1124 362 362 1121 1121 363 363 1124 1124 1118 1118 1124 1124 363 363 362 362 363 363 1118 1118 366 366 1125 1125 336 336 352 352 341 341 1126 1126 352 352 1125 1125 352 352 1126 1126 1127 1127 1126 1126 341 341 1128 1128 336 336 1125 1125 337 337 1128 1128 1123 1123 1128 1128 337 337 336 336 337 337 1123 1123 354 354 1129 1129 1130 1130 257 257 256 256 1131 1131 1129 1129 1129 1129 257 257 256 256 257 257 1130 1130 342 342 1130 1130 1127 1127 342 342 342 342 1127 1127 341 341 1132 1132 1133 1133 323 323 301 301 1134 1134 1132 1132 1132 1132 323 323 301 301 323 323 1133 1133 287 287 1133 1133 1131 1131 287 287 287 287 1131 1131 256 256 304 304 308 308 1135 1135 1136 1136 308 308 297 297 308 308 1136 1136 1135 1135 296 296 1137 1137 297 297 1136 1136 297 297 1137 1137 1138 1138 1137 1137 296 296 1139 1139 304 304 1135 1135 1139 1139 1140 1140 298 298 298 298 304 304 1139 1139 300 300 1140 1140 1134 1134 1140 1140 300 300 298 298 300 300 1134 1134 301 301 290 290 289 289 1141 1141 1142 1142 289 289 302 302 289 289 1142 1142 1141 1141 317 317 1143 1143 302 302 1142 1142 302 302 1143 1143 1144 1144 1143 1143 317 317 1145 1145 290 290 1141 1141 1145 1145 1146 1146 291 291 291 291 290 290 1145 1145 299 299 1146 1146 1138 1138 1146 1146 299 299 291 291 299 299 1138 1138 296 296 331 331 1147 1147 324 324 331 331 332 332 1148 1148 1148 1148 1147 1147 331 331 1149 1149 332 332 286 286 332 332 1149 1149 1148 1148 288 288 1150 1150 286 286 1149 1149 286 286 1150 1150 1151 1151 1150 1150 288 288 1152 1152 324 324 1147 1147 1152 1152 333 333 322 322 324 324 1152 1152 322 322 1153 1153 1154 1154 333 333 1153 1153 333 333 1152 1152 316 316 1154 1154 1144 1144 1154 1154 316 316 333 333 316 316 1144 1144 317 317 1155 1155 255 255 1156 1156 1157 1157 1156 1156 343 343 255 255 343 343 1156 1156 328 328 1158 1158 1157 1157 1157 1157 343 343 328 328 255 255 1155 1155 335 335 335 335 1159 1159 334 334 1159 1159 335 335 1155 1155 1159 1159 1151 1151 334 334 334 334 1151 1151 288 288 328 328 1160 1160 1158 1158 1160 1160 328 328 330 330 1161 1161 327 327 1162 1162 1163 1163 1162 1162 285 285 327 327 285 285 1162 1162 325 325 1164 1164 1163 1163 1163 1163 285 285 325 325 327 327 1161 1161 326 326 326 326 1165 1165 329 329 1165 1165 326 326 1161 1161 1165 1165 1160 1160 329 329 329 329 1160 1160 330 330 398 398 292 292 1166 1166 1167 1167 292 292 294 294 292 292 1167 1167 1166 1166 134 134 1168 1168 294 294 1167 1167 294 294 1168 1168 1067 1067 1168 1168 134 134 1169 1169 398 398 1166 1166 1169 1169 1170 1170 411 411 411 411 398 398 1169 1169 428 428 1170 1170 1164 1164 1170 1170 428 428 411 411 428 428 1164 1164 325 325 1140 1140 1139 1139 1074 1074 1139 1139 1135 1135 1074 1074 1074 1074 1135 1135 1072 1072 1072 1072 1136 1136 1073 1073 1073 1073 1136 1136 1070 1070 1136 1136 1072 1072 1135 1135 1107 1107 1103 1103 1106 1106 1068 1068 1069 1069 1137 1137 1061 1061 1146 1146 1065 1065 1140 1140 1074 1074 1076 1076 1138 1138 1062 1062 1063 1063 1137 1137 1138 1138 1064 1064 1140 1140 1076 1076 1134 1134 1134 1134 1075 1075 1132 1132 1077 1077 1131 1131 1133 1133 1133 1133 1132 1132 1075 1075 1129 1129 1078 1078 1130 1130 1128 1128 1125 1125 1082 1082 1126 1126 1127 1127 1085 1085 1123 1123 1083 1083 1122 1122 1084 1084 1118 1118 1083 1083 1118 1118 1124 1124 1083 1083 1116 1116 1084 1084 1093 1093 1084 1084 1117 1117 1118 1118 1120 1120 1092 1092 1088 1088 1115 1115 1093 1093 1119 1119 1119 1119 1092 1092 1120 1120 1111 1111 1087 1087 1089 1089 1088 1088 1087 1087 1112 1112 1091 1091 1099 1099 1110 1110 1090 1090 1110 1110 1111 1111 1110 1110 1090 1090 1091 1091 1113 1113 1109 1109 1098 1098 1099 1099 1098 1098 1109 1109 1114 1114 1095 1095 1096 1096 1094 1094 1095 1095 1113 1113 1097 1097 1107 1107 1114 1114 1103 1103 1100 1100 1106 1106 1106 1106 1100 1100 1105 1105 1101 1101 1108 1108 1105 1105 1105 1105 1100 1100 1101 1101 1102 1102 1108 1108 1101 1101 1102 1102 1104 1104 1108 1108 1103 1103 1107 1107 1097 1097 1097 1097 1114 1114 1096 1096 1095 1095 1114 1114 1113 1113 1109 1109 1110 1110 1099 1099 1098 1098 1094 1094 1113 1113 1111 1111 1089 1089 1090 1090 1088 1088 1112 1112 1120 1120 1111 1111 1112 1112 1087 1087 1093 1093 1092 1092 1119 1119 1116 1116 1093 1093 1115 1115 1117 1117 1084 1084 1116 1116 1121 1121 1122 1122 1083 1083 1083 1083 1124 1124 1121 1121 1083 1083 1123 1123 1082 1082 1081 1081 1082 1082 1125 1125 1128 1128 1082 1082 1123 1123 1081 1081 1126 1126 1085 1085 1126 1126 1081 1081 1125 1125 1160 1160 1157 1157 1158 1158 1086 1086 1127 1127 1130 1130 1086 1086 1085 1085 1127 1127 1150 1150 1170 1170 1149 1149 1080 1080 1086 1086 1130 1130 1129 1129 1079 1079 1078 1078 1130 1130 1078 1078 1080 1080 1077 1077 1079 1079 1131 1131 1129 1129 1131 1131 1079 1079 1067 1067 1141 1141 1142 1142 1077 1077 1133 1133 1075 1075 1076 1076 1075 1075 1134 1134 1062 1062 1146 1146 1061 1061 1137 1137 1069 1069 1070 1070 1070 1070 1136 1136 1137 1137 1064 1064 1071 1071 1137 1137 1068 1068 1137 1137 1071 1071 1063 1063 1064 1064 1138 1138 1146 1146 1062 1062 1138 1138 1145 1145 1065 1065 1146 1146 1066 1066 1145 1145 1141 1141 1145 1145 1066 1066 1065 1065 1066 1066 1141 1141 1067 1067 1142 1142 1143 1143 1168 1168 1154 1154 1166 1166 1167 1167 1168 1168 1144 1144 1167 1167 1147 1147 1169 1169 1152 1152 1166 1166 1153 1153 1152 1152 1169 1169 1148 1148 1170 1170 1164 1164 1159 1159 1163 1163 1150 1150 1151 1151 1164 1164 1155 1155 1162 1162 1163 1163 1155 1155 1156 1156 1161 1161 1161 1161 1156 1156 1165 1165 1162 1162 1155 1155 1161 1161 1157 1157 1165 1165 1156 1156 1159 1159 1155 1155 1163 1163 1157 1157 1160 1160 1165 1165 1150 1150 1164 1164 1170 1170 1164 1164 1151 1151 1159 1159 1147 1147 1148 1148 1169 1169 1149 1149 1170 1170 1148 1148 1166 1166 1154 1154 1153 1153 1152 1152 1169 1169 1166 1166 1168 1168 1143 1143 1144 1144 1144 1144 1154 1154 1167 1167 1168 1168 1067 1067 1142 1142 1171 1171 1172 1172 249 249 248 248 1173 1173 1171 1171 1171 1171 249 249 248 248 249 249 1172 1172 376 376 1172 1172 1174 1174 376 376 376 376 1174 1174 159 159 1175 1175 199 199 265 265 264 264 1176 1176 265 265 1175 1175 265 265 1176 1176 1177 1177 1176 1176 264 264 1178 1178 199 199 1175 1175 179 179 1178 1178 1173 1173 1178 1178 179 179 199 199 179 179 1173 1173 248 248 1179 1179 284 284 268 268 267 267 1180 1180 268 268 1179 1179 268 268 1180 1180 1181 1181 1180 1180 267 267 1182 1182 284 284 1179 1179 283 283 1182 1182 1177 1177 1182 1182 283 283 284 284 283 283 1177 1177 264 264 267 267 1183 1183 1181 1181 1183 1183 267 267 269 269 198 198 1184 1184 1183 1183 198 198 1183 1183 269 269 198 198 1185 1185 1184 1184 1185 1185 198 198 180 180 180 180 1186 1186 1185 1185 1186 1186 180 180 277 277 277 277 276 276 1187 1187 277 277 1187 1187 1186 1186 276 276 139 139 1188 1188 276 276 1188 1188 1187 1187 1189 1189 1190 1190 242 242 261 261 1191 1191 1189 1189 1189 1189 242 242 261 261 242 242 1190 1190 138 138 1190 1190 1188 1188 138 138 138 138 1188 1188 139 139 1192 1192 266 266 263 263 262 262 1193 1193 263 263 1192 1192 263 263 1193 1193 1194 1194 1193 1193 262 262 1195 1195 266 266 1192 1192 122 122 1195 1195 1191 1191 1195 1195 122 122 266 266 122 122 1191 1191 261 261 1196 1196 260 260 259 259 124 124 1197 1197 259 259 1196 1196 259 259 1197 1197 1198 1198 1197 1197 124 124 1199 1199 260 260 1196 1196 258 258 1199 1199 1194 1194 1199 1199 258 258 260 260 258 258 1194 1194 262 262 1200 1200 1201 1201 243 243 137 137 1202 1202 1200 1200 1200 1200 243 243 137 137 243 243 1201 1201 123 123 1201 1201 1198 1198 123 123 123 123 1198 1198 124 124 159 159 1174 1174 1202 1202 159 159 1202 1202 137 137 1191 1191 1195 1195 1181 1181 1191 1191 1181 1181 1183 1183 1173 1173 1178 1178 1198 1198 1180 1180 1195 1195 1192 1192 1179 1179 1193 1193 1182 1182 1188 1188 1190 1190 1185 1185 1177 1177 1182 1182 1194 1194 1196 1196 1176 1176 1199 1199 1199 1199 1177 1177 1194 1194 1183 1183 1184 1184 1185 1185 1187 1187 1188 1188 1186 1186 1197 1197 1175 1175 1196 1196 1186 1186 1188 1188 1185 1185 1200 1200 1202 1202 1172 1172 1183 1183 1190 1190 1189 1189 1190 1190 1183 1183 1185 1185 1189 1189 1191 1191 1183 1183 1195 1195 1180 1180 1181 1181 1193 1193 1179 1179 1192 1192 1179 1179 1180 1180 1192 1192 1194 1194 1182 1182 1193 1193 1176 1176 1177 1177 1199 1199 1175 1175 1176 1176 1196 1196 1178 1178 1197 1197 1198 1198 1175 1175 1197 1197 1178 1178 1201 1201 1171 1171 1173 1173 1173 1173 1198 1198 1201 1201 1200 1200 1171 1171 1201 1201 1200 1200 1172 1172 1171 1171 1172 1172 1202 1202 1174 1174 100 100 235 235 1203 1203 100 100 1203 1203 1204 1204 235 235 98 98 1205 1205 235 235 1205 1205 1203 1203 98 98 1206 1206 1205 1205 1206 1206 98 98 97 97 97 97 1204 1204 1206 1206 1204 1204 97 97 100 100 1206 1206 1203 1203 1205 1205 1203 1203 1206 1206 1204 1204 1207 1207 1208 1208 1209 1209 1210 1210 1208 1208 1211 1211 1208 1208 1210 1210 1209 1209 1212 1212 1213 1213 1211 1211 1210 1210 1211 1211 1213 1213 1214 1214 1213 1213 1212 1212 1215 1215 1207 1207 1209 1209 1215 1215 1216 1216 1217 1217 1217 1217 1207 1207 1215 1215 1218 1218 1216 1216 1219 1219 1216 1216 1218 1218 1217 1217 1218 1218 1219 1219 1220 1220 1221 1221 1222 1222 1223 1223 1221 1221 1224 1224 1225 1225 1225 1225 1222 1222 1221 1221 1226 1226 1224 1224 1227 1227 1224 1224 1226 1226 1225 1225 1228 1228 1229 1229 1227 1227 1226 1226 1227 1227 1229 1229 1228 1228 1230 1230 1231 1231 1231 1231 1229 1229 1228 1228 1232 1232 1230 1230 1233 1233 1230 1230 1232 1232 1231 1231 1234 1234 1235 1235 1233 1233 1232 1232 1233 1233 1235 1235 1236 1236 1235 1235 1234 1234 1237 1237 1223 1223 1222 1222 1238 1238 1239 1239 1237 1237 1223 1223 1237 1237 1239 1239 1238 1238 1240 1240 1241 1241 1241 1241 1239 1239 1238 1238 1242 1242 1240 1240 1243 1243 1240 1240 1242 1242 1241 1241 1244 1244 1245 1245 1243 1243 1242 1242 1243 1243 1245 1245 1244 1244 1246 1246 1247 1247 1247 1247 1245 1245 1244 1244 1248 1248 1246 1246 1214 1214 1246 1246 1248 1248 1247 1247 1248 1248 1214 1214 1212 1212 1249 1249 1250 1250 1251 1251 1252 1252 1250 1250 1253 1253 1250 1250 1252 1252 1251 1251 1254 1254 1255 1255 1253 1253 1252 1252 1253 1253 1255 1255 1256 1256 1255 1255 1254 1254 1257 1257 1249 1249 1251 1251 1257 1257 1258 1258 1259 1259 1259 1259 1249 1249 1257 1257 1260 1260 1258 1258 1236 1236 1258 1258 1260 1260 1259 1259 1260 1260 1236 1236 1234 1234 1261 1261 1262 1262 1263 1263 1262 1262 1264 1264 1265 1265 1264 1264 1262 1262 1261 1261 1266 1266 1265 1265 1267 1267 1264 1264 1267 1267 1265 1265 1268 1268 1269 1269 1266 1266 1266 1266 1267 1267 1268 1268 1261 1261 1263 1263 1270 1270 1271 1271 1272 1272 1270 1270 1270 1270 1263 1263 1271 1271 1272 1272 1273 1273 1274 1274 1273 1273 1272 1272 1271 1271 1273 1273 1256 1256 1274 1274 1274 1274 1256 1256 1254 1254 1275 1275 1276 1276 1277 1277 1278 1278 1276 1276 1279 1279 1276 1276 1278 1278 1277 1277 1280 1280 1281 1281 1279 1279 1278 1278 1279 1279 1281 1281 1282 1282 1281 1281 1280 1280 1283 1283 1275 1275 1277 1277 1283 1283 1284 1284 1285 1285 1285 1285 1275 1275 1283 1283 1286 1286 1284 1284 1269 1269 1284 1284 1286 1286 1285 1285 1286 1286 1269 1269 1268 1268 1287 1287 1288 1288 1289 1289 1290 1290 1288 1288 1291 1291 1288 1288 1290 1290 1289 1289 1292 1292 1293 1293 1291 1291 1290 1290 1291 1291 1293 1293 1294 1294 1293 1293 1292 1292 1295 1295 1287 1287 1289 1289 1295 1295 1296 1296 1297 1297 1297 1297 1287 1287 1295 1295 1298 1298 1296 1296 1282 1282 1296 1296 1298 1298 1297 1297 1298 1298 1282 1282 1280 1280 462 462 1299 1299 1300 1300 1299 1299 461 461 1301 1301 461 461 1299 1299 462 462 1302 1302 1301 1301 460 460 461 461 460 460 1301 1301 457 457 1303 1303 1302 1302 1302 1302 460 460 457 457 462 462 1300 1300 463 463 1304 1304 466 466 463 463 463 463 1300 1300 1304 1304 466 466 1305 1305 467 467 1305 1305 466 466 1304 1304 1305 1305 1306 1306 467 467 467 467 1306 1306 468 468 624 624 1307 1307 1308 1308 1307 1307 621 621 1309 1309 621 621 1307 1307 624 624 1310 1310 1309 1309 622 622 621 621 622 622 1309 1309 623 623 1311 1311 1310 1310 1310 1310 622 622 623 623 624 624 1308 1308 458 458 1312 1312 459 459 458 458 458 458 1308 1308 1312 1312 459 459 1313 1313 625 625 1313 1313 459 459 1312 1312 1313 1313 1303 1303 625 625 625 625 1303 1303 457 457 642 642 1314 1314 1315 1315 1314 1314 640 640 1316 1316 640 640 1314 1314 642 642 1317 1317 1316 1316 244 244 640 640 244 244 1316 1316 245 245 1318 1318 1317 1317 1317 1317 244 244 245 245 642 642 1315 1315 641 641 1319 1319 644 644 641 641 641 641 1315 1315 1319 1319 644 644 1320 1320 643 643 1320 1320 644 644 1319 1319 1320 1320 1311 1311 643 643 643 643 1311 1311 623 623 497 497 1321 1321 1322 1322 1321 1321 496 496 1323 1323 496 496 1321 1321 497 497 1324 1324 1323 1323 500 500 496 496 500 500 1323 1323 507 507 1325 1325 1324 1324 1324 1324 500 500 507 507 497 497 1322 1322 637 637 1326 1326 638 638 637 637 637 637 1322 1322 1326 1326 638 638 1327 1327 639 639 1327 1327 638 638 1326 1326 1327 1327 1318 1318 639 639 639 639 1318 1318 245 245 441 441 1328 1328 1329 1329 1328 1328 446 446 1330 1330 446 446 1328 1328 441 441 1331 1331 1330 1330 445 445 446 446 445 445 1330 1330 451 451 1332 1332 1331 1331 1331 1331 445 445 451 451 441 441 1329 1329 239 239 1333 1333 508 508 239 239 239 239 1329 1329 1333 1333 508 508 1334 1334 504 504 1334 1334 508 508 1333 1333 1334 1334 1325 1325 504 504 504 504 1325 1325 507 507 1335 1335 619 619 618 618 455 455 1336 1336 618 618 1335 1335 618 618 1336 1336 1337 1337 1336 1336 455 455 1338 1338 619 619 1335 1335 448 448 1338 1338 1332 1332 1338 1338 448 448 619 619 448 448 1332 1332 451 451 1339 1339 627 627 626 626 632 632 1340 1340 626 626 1339 1339 626 626 1340 1340 1341 1341 1340 1340 632 632 1342 1342 627 627 1339 1339 452 452 1342 1342 1337 1337 1342 1342 452 452 627 627 452 452 1337 1337 455 455 1343 1343 278 278 634 634 636 636 1344 1344 634 634 1343 1343 634 634 1344 1344 1345 1345 1344 1344 636 636 1346 1346 278 278 1343 1343 633 633 1346 1346 1341 1341 1346 1346 633 633 278 278 633 633 1341 1341 632 632 465 465 1347 1347 1348 1348 1347 1347 471 471 1349 1349 471 471 1347 1347 465 465 1350 1350 1349 1349 470 470 471 471 470 470 1349 1349 468 468 1306 1306 1350 1350 1350 1350 470 470 468 468 465 465 1348 1348 464 464 1351 1351 635 635 464 464 464 464 1348 1348 1351 1351 635 635 1352 1352 469 469 1352 1352 635 635 1351 1351 1352 1352 1345 1345 469 469 469 469 1345 1345 636 636 1353 1353 1354 1354 1355 1355 1356 1356 1354 1354 1357 1357 1354 1354 1356 1356 1355 1355 1220 1220 1358 1358 1357 1357 1356 1356 1357 1357 1358 1358 1219 1219 1358 1358 1220 1220 1359 1359 1353 1353 1355 1355 1359 1359 1360 1360 1361 1361 1361 1361 1353 1353 1359 1359 1362 1362 1360 1360 1294 1294 1360 1360 1362 1362 1361 1361 1362 1362 1294 1294 1292 1292 1323 1323 1226 1226 1321 1321 1278 1278 1304 1304 1300 1300 1303 1303 1284 1284 1302 1302 1308 1308 1263 1263 1262 1262 1265 1265 1313 1313 1312 1312 1318 1318 1327 1327 1235 1235 1229 1229 1322 1322 1321 1321 1252 1252 1255 1255 1319 1319 1251 1251 1252 1252 1315 1315 1258 1258 1317 1317 1318 1318 1317 1317 1257 1257 1316 1316 1236 1236 1258 1258 1318 1318 1320 1320 1255 1255 1256 1256 1273 1273 1271 1271 1310 1310 1273 1273 1311 1311 1256 1256 1322 1322 1231 1231 1326 1326 1327 1327 1326 1326 1232 1232 1335 1335 1336 1336 1209 1209 1309 1309 1310 1310 1271 1271 1324 1324 1225 1225 1226 1226 1334 1334 1333 1333 1237 1237 1331 1331 1246 1246 1244 1244 1240 1240 1238 1238 1329 1329 1244 1244 1330 1330 1331 1331 1328 1328 1330 1330 1243 1243 1214 1214 1246 1246 1332 1332 1213 1213 1338 1338 1210 1210 1332 1332 1338 1338 1213 1213 1209 1209 1210 1210 1335 1335 1325 1325 1334 1334 1222 1222 1336 1336 1337 1337 1215 1215 1216 1216 1215 1215 1342 1342 1345 1345 1294 1294 1360 1360 1346 1346 1355 1355 1356 1356 1343 1343 1344 1344 1359 1359 1358 1358 1341 1341 1356 1356 1340 1340 1219 1219 1339 1339 1219 1219 1216 1216 1339 1339 1337 1337 1342 1342 1215 1215 1342 1342 1339 1339 1216 1216 1351 1351 1293 1293 1352 1352 1349 1349 1350 1350 1296 1296 1349 1349 1295 1295 1347 1347 1282 1282 1350 1350 1306 1306 1262 1262 1312 1312 1308 1308 1313 1313 1266 1266 1303 1303 1304 1304 1281 1281 1305 1305 1283 1283 1277 1277 1299 1299 1266 1266 1269 1269 1303 1303 1283 1283 1301 1301 1302 1302 1348 1348 1347 1347 1289 1289 1209 1209 1336 1336 1215 1215 1348 1348 1290 1290 1351 1351 1338 1338 1335 1335 1210 1210 1332 1332 1213 1213 1214 1214 1332 1332 1246 1246 1331 1331 1244 1244 1243 1243 1330 1330 1328 1328 1243 1243 1240 1240 1328 1328 1240 1240 1329 1329 1333 1333 1238 1238 1237 1237 1329 1329 1238 1238 1333 1333 1334 1334 1237 1237 1222 1222 1324 1324 1325 1325 1225 1225 1325 1325 1222 1222 1225 1225 1323 1323 1324 1324 1226 1226 1229 1229 1321 1321 1226 1226 1231 1231 1322 1322 1229 1229 1232 1232 1326 1326 1231 1231 1235 1235 1327 1327 1232 1232 1236 1236 1318 1318 1235 1235 1317 1317 1258 1258 1257 1257 1316 1316 1257 1257 1251 1251 1315 1315 1314 1314 1251 1251 1316 1316 1251 1251 1314 1314 1319 1319 1315 1315 1252 1252 1320 1320 1319 1319 1255 1255 1311 1311 1320 1320 1256 1256 1310 1310 1311 1311 1273 1273 1307 1307 1309 1309 1271 1271 1308 1308 1307 1307 1263 1263 1307 1307 1271 1271 1263 1263 1312 1312 1262 1262 1265 1265 1313 1313 1265 1265 1266 1266 1269 1269 1284 1284 1303 1303 1284 1284 1283 1283 1302 1302 1301 1301 1283 1283 1299 1299 1300 1300 1277 1277 1278 1278 1299 1299 1277 1277 1300 1300 1304 1304 1278 1278 1281 1281 1282 1282 1306 1306 1281 1281 1306 1306 1305 1305 1281 1281 1296 1296 1350 1350 1282 1282 1295 1295 1349 1349 1296 1296 1289 1289 1347 1347 1295 1295 1290 1290 1348 1348 1289 1289 1294 1294 1352 1352 1293 1293 1293 1293 1351 1351 1290 1290 1360 1360 1344 1344 1345 1345 1294 1294 1345 1345 1352 1352 1359 1359 1355 1355 1343 1343 1360 1360 1359 1359 1344 1344 1346 1346 1356 1356 1341 1341 1343 1343 1355 1355 1346 1346 1341 1341 1358 1358 1340 1340 1219 1219 1340 1340 1358 1358 1363 1363 1364 1364 1365 1365 1366 1366 1365 1365 1367 1367 1364 1364 1367 1367 1365 1365 1368 1368 1369 1369 1366 1366 1366 1366 1367 1367 1368 1368 1364 1364 1363 1363 1370 1370 1370 1370 1371 1371 1372 1372 1371 1371 1370 1370 1363 1363 1371 1371 1373 1373 1372 1372 1372 1372 1373 1373 1374 1374 1375 1375 1376 1376 1377 1377 1378 1378 1376 1376 1379 1379 1376 1376 1378 1378 1377 1377 1380 1380 1381 1381 1379 1379 1378 1378 1379 1379 1381 1381 1382 1382 1381 1381 1380 1380 1383 1383 1375 1375 1377 1377 1383 1383 1384 1384 1385 1385 1385 1385 1375 1375 1383 1383 1386 1386 1384 1384 1369 1369 1384 1384 1386 1386 1385 1385 1386 1386 1369 1369 1368 1368 1387 1387 1388 1388 1389 1389 1390 1390 1388 1388 1391 1391 1388 1388 1390 1390 1389 1389 1392 1392 1393 1393 1391 1391 1390 1390 1391 1391 1393 1393 1394 1394 1393 1393 1392 1392 1395 1395 1387 1387 1389 1389 1395 1395 1396 1396 1397 1397 1397 1397 1387 1387 1395 1395 1398 1398 1396 1396 1382 1382 1396 1396 1398 1398 1397 1397 1398 1398 1382 1382 1380 1380 1399 1399 1400 1400 1401 1401 1400 1400 1402 1402 1403 1403 1402 1402 1400 1400 1399 1399 1404 1404 1403 1403 1405 1405 1402 1402 1405 1405 1403 1403 1406 1406 1407 1407 1404 1404 1404 1404 1405 1405 1406 1406 1399 1399 1401 1401 1408 1408 1409 1409 1410 1410 1408 1408 1408 1408 1401 1401 1409 1409 1410 1410 1411 1411 1412 1412 1411 1411 1410 1410 1409 1409 1411 1411 1394 1394 1412 1412 1412 1412 1394 1394 1392 1392 1413 1413 1414 1414 1415 1415 1416 1416 1414 1414 1417 1417 1414 1414 1416 1416 1415 1415 1418 1418 1416 1416 1419 1419 1417 1417 1419 1419 1416 1416 1420 1420 1421 1421 1418 1418 1418 1418 1419 1419 1420 1420 1413 1413 1415 1415 1422 1422 1422 1422 1423 1423 1424 1424 1424 1424 1413 1413 1422 1422 1425 1425 1423 1423 1426 1426 1423 1423 1425 1425 1424 1424 1426 1426 1407 1407 1425 1425 1425 1425 1407 1407 1406 1406 1427 1427 1428 1428 1421 1421 1427 1427 1421 1421 1420 1420 1427 1427 1429 1429 1428 1428 1429 1429 1427 1427 1430 1430 57 57 1431 1431 1432 1432 57 57 1432 1432 116 116 57 57 68 68 1433 1433 57 57 1433 1433 1431 1431 68 68 15 15 1434 1434 68 68 1434 1434 1433 1433 103 103 1435 1435 225 225 103 103 102 102 1436 1436 1436 1436 1435 1435 103 103 1437 1437 102 102 219 219 102 102 1437 1437 1436 1436 218 218 1438 1438 219 219 1437 1437 219 219 1438 1438 1439 1439 1438 1438 218 218 1440 1440 225 225 1435 1435 1441 1441 222 222 1440 1440 225 225 1440 1440 222 222 1441 1441 1442 1442 228 228 228 228 222 222 1441 1441 14 14 1442 1442 1434 1434 1442 1442 14 14 228 228 14 14 1434 1434 15 15 545 545 1443 1443 1444 1444 1443 1443 212 212 1445 1445 212 212 1443 1443 545 545 1446 1446 1445 1445 208 208 212 212 208 208 1445 1445 207 207 1447 1447 1446 1446 1446 1446 208 208 207 207 545 545 1444 1444 546 546 1448 1448 604 604 546 546 546 546 1444 1444 1448 1448 604 604 1449 1449 549 549 1449 1449 604 604 1448 1448 1449 1449 1439 1439 549 549 549 549 1439 1439 218 218 1450 1450 1451 1451 148 148 197 197 1452 1452 1450 1450 1450 1450 148 148 197 197 148 148 1451 1451 149 149 1451 1451 1447 1447 149 149 149 149 1447 1447 207 207 1453 1453 1454 1454 515 515 110 110 1455 1455 1453 1453 1453 1453 515 515 110 110 515 515 1454 1454 196 196 1454 1454 1452 1452 196 196 196 196 1452 1452 197 197 112 112 1456 1456 1455 1455 112 112 1455 1455 110 110 185 185 1457 1457 190 190 1458 1458 1457 1457 185 185 1456 1456 190 190 1457 1457 190 190 1456 1456 112 112 1459 1459 1460 1460 184 184 183 183 1461 1461 1459 1459 1459 1459 184 184 183 183 184 184 1460 1460 160 160 1460 1460 1458 1458 160 160 160 160 1458 1458 185 185 182 182 1462 1462 92 92 182 182 168 168 1463 1463 1463 1463 1462 1462 182 182 1464 1464 168 168 170 170 168 168 1464 1464 1463 1463 171 171 1465 1465 170 170 1464 1464 170 170 1465 1465 1466 1466 1465 1465 171 171 1467 1467 92 92 1462 1462 1468 1468 90 90 1467 1467 92 92 1467 1467 90 90 1468 1468 1469 1469 169 169 169 169 90 90 1468 1468 165 165 1469 1469 1461 1461 1469 1469 165 165 169 169 165 165 1461 1461 183 183 173 173 1470 1470 1471 1471 1470 1470 176 176 1472 1472 176 176 1470 1470 173 173 1473 1473 1472 1472 175 175 176 176 175 175 1472 1472 177 177 1474 1474 1473 1473 1473 1473 175 175 177 177 173 173 1471 1471 172 172 1475 1475 174 174 172 172 172 172 1471 1471 1475 1475 174 174 1476 1476 167 167 1476 1476 174 174 1475 1475 1476 1476 1466 1466 167 167 167 167 1466 1466 171 171 177 177 1477 1477 1474 1474 1477 1477 177 177 178 178 91 91 1478 1478 1477 1477 91 91 1477 1477 178 178 1479 1479 114 114 113 113 194 194 1480 1480 113 113 1479 1479 113 113 1480 1480 194 194 403 403 1481 1481 1481 1481 1480 1480 194 194 1482 1482 403 403 402 402 403 403 1482 1482 1481 1481 417 417 1483 1483 402 402 1482 1482 402 402 1483 1483 417 417 309 309 1484 1484 1484 1484 1483 1483 417 417 1485 1485 309 309 416 416 309 309 1485 1485 1484 1484 526 526 1486 1486 416 416 1485 1485 416 416 1486 1486 1487 1487 1486 1486 526 526 1488 1488 114 114 1479 1479 193 193 1488 1488 1489 1489 1488 1488 193 193 114 114 1490 1490 164 164 1489 1489 193 193 1489 1489 164 164 1490 1490 1491 1491 163 163 163 163 164 164 1490 1490 189 189 1491 1491 1492 1492 1491 1491 189 189 163 163 1493 1493 161 161 1492 1492 189 189 1492 1492 161 161 1493 1493 1494 1494 162 162 162 162 161 161 1493 1493 166 166 1494 1494 1478 1478 1494 1494 166 166 162 162 166 166 1478 1478 91 91 410 410 409 409 1495 1495 1496 1496 409 409 408 408 409 409 1496 1496 1495 1495 413 413 1497 1497 408 408 1496 1496 408 408 1497 1497 1498 1498 1497 1497 413 413 1499 1499 410 410 1495 1495 1499 1499 1500 1500 314 314 314 314 410 410 1499 1499 315 315 1500 1500 1487 1487 1500 1500 315 315 314 314 315 315 1487 1487 526 526 1501 1501 236 236 1502 1502 1503 1503 1502 1502 133 133 236 236 133 133 1502 1502 129 129 1504 1504 1503 1503 1503 1503 133 133 129 129 236 236 1501 1501 527 527 527 527 1505 1505 412 412 1505 1505 527 527 1501 1501 1505 1505 1498 1498 412 412 412 412 1498 1498 413 413 1506 1506 1507 1507 56 56 58 58 1508 1508 1506 1506 1506 1506 56 56 58 58 56 56 1507 1507 67 67 1507 1507 1504 1504 67 67 67 67 1504 1504 129 129 1509 1509 128 128 118 118 117 117 1510 1510 118 118 1509 1509 118 118 1510 1510 1511 1511 1510 1510 117 117 1512 1512 128 128 1509 1509 115 115 1512 1512 1508 1508 1512 1512 115 115 128 128 115 115 1508 1508 58 58 117 117 116 116 1432 1432 117 117 1432 1432 1511 1511 1513 1513 1514 1514 1515 1515 1516 1516 1514 1514 1517 1517 1514 1514 1516 1516 1515 1515 1374 1374 1518 1518 1517 1517 1516 1516 1517 1517 1518 1518 1373 1373 1518 1518 1374 1374 1519 1519 1513 1513 1515 1515 1519 1519 1520 1520 1521 1521 1521 1521 1513 1513 1519 1519 1522 1522 1520 1520 1429 1429 1520 1520 1522 1522 1521 1521 1522 1522 1429 1429 1430 1430 1460 1460 1452 1452 1458 1458 1432 1432 1431 1431 1433 1433 1464 1464 1444 1444 1443 1443 1363 1363 1512 1512 1371 1371 1428 1428 1429 1429 1434 1434 1363 1363 1508 1508 1512 1512 1443 1443 1463 1463 1464 1464 1443 1443 1445 1445 1462 1462 1464 1464 1465 1465 1444 1444 1449 1449 1466 1466 1476 1476 1462 1462 1463 1463 1443 1443 1476 1476 1475 1475 1439 1439 1467 1467 1462 1462 1445 1445 1445 1445 1446 1446 1467 1467 1446 1446 1468 1468 1467 1467 1451 1451 1461 1461 1447 1447 1469 1469 1446 1446 1447 1447 1450 1450 1460 1460 1459 1459 1459 1459 1461 1461 1451 1451 1452 1452 1460 1460 1450 1450 1458 1458 1452 1452 1454 1454 1457 1457 1454 1454 1453 1453 1454 1454 1457 1457 1458 1458 1457 1457 1453 1453 1456 1456 1456 1456 1453 1453 1455 1455 1378 1378 1503 1503 1377 1377 1365 1365 1506 1506 1508 1508 1451 1451 1450 1450 1459 1459 1461 1461 1469 1469 1447 1447 1446 1446 1469 1469 1468 1468 1436 1436 1437 1437 1471 1471 1438 1438 1475 1475 1437 1437 1448 1448 1465 1465 1466 1466 1465 1465 1448 1448 1444 1444 1466 1466 1449 1449 1448 1448 1476 1476 1439 1439 1449 1449 1475 1475 1438 1438 1439 1439 1475 1475 1471 1471 1437 1437 1436 1436 1471 1471 1435 1435 1440 1440 1435 1435 1470 1470 1471 1471 1470 1470 1435 1435 1470 1470 1472 1472 1441 1441 1441 1441 1440 1440 1470 1470 1442 1442 1472 1472 1473 1473 1472 1472 1442 1442 1441 1441 1442 1442 1473 1473 1434 1434 1434 1434 1474 1474 1477 1477 1434 1434 1473 1473 1474 1474 1477 1477 1428 1428 1434 1434 1478 1478 1494 1494 1418 1418 1407 1407 1489 1489 1488 1488 1510 1510 1371 1371 1509 1509 1366 1366 1507 1507 1506 1506 1504 1504 1384 1384 1383 1383 1487 1487 1394 1394 1486 1486 1502 1502 1381 1381 1501 1501 1393 1393 1499 1499 1390 1390 1495 1495 1390 1390 1499 1499 1500 1500 1393 1393 1394 1394 1390 1390 1496 1496 1389 1389 1389 1389 1497 1497 1498 1498 1505 1505 1501 1501 1396 1396 1382 1382 1501 1501 1381 1381 1378 1378 1381 1381 1502 1502 1411 1411 1485 1485 1486 1486 1503 1503 1378 1378 1502 1502 1504 1504 1383 1383 1503 1503 1377 1377 1503 1503 1383 1383 1504 1504 1507 1507 1369 1369 1409 1409 1482 1482 1483 1483 1366 1366 1369 1369 1507 1507 1369 1369 1384 1384 1504 1504 1416 1416 1493 1493 1415 1415 1366 1366 1506 1506 1365 1365 1512 1512 1509 1509 1371 1371 1492 1492 1491 1491 1422 1422 1490 1490 1426 1426 1423 1423 1493 1493 1492 1492 1415 1415 1433 1433 1520 1520 1519 1519 1510 1510 1373 1373 1371 1371 1373 1373 1510 1510 1511 1511 1479 1479 1404 1404 1488 1488 1365 1365 1508 1508 1363 1363 1492 1492 1422 1422 1415 1415 1403 1403 1479 1479 1480 1480 1480 1480 1481 1481 1400 1400 1482 1482 1401 1401 1481 1481 1426 1426 1490 1490 1489 1489 1409 1409 1484 1484 1411 1411 1395 1395 1498 1498 1505 1505 1382 1382 1396 1396 1501 1501 1396 1396 1395 1395 1505 1505 1395 1395 1389 1389 1498 1498 1497 1497 1389 1389 1496 1496 1496 1496 1390 1390 1495 1495 1499 1499 1393 1393 1500 1500 1500 1500 1394 1394 1487 1487 1486 1486 1394 1394 1411 1411 1484 1484 1485 1485 1411 1411 1483 1483 1484 1484 1409 1409 1401 1401 1482 1482 1409 1409 1400 1400 1481 1481 1401 1401 1403 1403 1480 1480 1400 1400 1404 1404 1479 1479 1403 1403 1407 1407 1488 1488 1404 1404 1426 1426 1489 1489 1407 1407 1423 1423 1422 1422 1491 1491 1491 1491 1490 1490 1423 1423 1494 1494 1416 1416 1418 1418 1416 1416 1494 1494 1493 1493 1418 1418 1421 1421 1478 1478 1478 1478 1421 1421 1477 1477 1434 1434 1429 1429 1520 1520 1421 1421 1428 1428 1477 1477 1520 1520 1433 1433 1434 1434 1432 1432 1519 1519 1515 1515 1519 1519 1432 1432 1433 1433 1511 1511 1432 1432 1516 1516 1515 1515 1516 1516 1432 1432 1373 1373 1511 1511 1518 1518 1511 1511 1516 1516 1518 1518 65 65 66 66 1523 1523 65 65 1523 1523 1524 1524 66 66 42 42 1525 1525 66 66 1525 1525 1523 1523 42 42 1526 1526 1525 1525 1526 1526 42 42 108 108 108 108 107 107 1527 1527 108 108 1527 1527 1526 1526 104 104 1528 1528 77 77 104 104 79 79 1529 1529 1529 1529 1528 1528 104 104 1530 1530 79 79 61 61 79 79 1530 1530 1529 1529 62 62 1531 1531 61 61 1530 1530 61 61 1531 1531 1532 1532 1531 1531 62 62 1533 1533 77 77 1528 1528 1534 1534 76 76 1533 1533 77 77 1533 1533 76 76 1534 1534 1535 1535 105 105 105 105 76 76 1534 1534 106 106 1535 1535 1527 1527 1535 1535 106 106 105 105 106 106 1527 1527 107 107 60 60 1536 1536 84 84 60 60 59 59 1537 1537 1537 1537 1536 1536 60 60 1538 1538 59 59 80 80 59 59 1538 1538 1537 1537 81 81 1539 1539 80 80 1538 1538 80 80 1539 1539 1540 1540 1539 1539 81 81 1541 1541 84 84 1536 1536 1542 1542 63 63 1541 1541 84 84 1541 1541 63 63 1542 1542 1543 1543 85 85 85 85 63 63 1542 1542 64 64 1543 1543 1532 1532 1543 1543 64 64 85 85 64 64 1532 1532 62 62 1544 1544 1545 1545 41 41 40 40 1546 1546 1544 1544 1544 1544 41 41 40 40 41 41 1545 1545 82 82 1545 1545 1540 1540 82 82 82 82 1540 1540 81 81 99 99 1547 1547 1546 1546 99 99 1546 1546 40 40 1548 1548 96 96 95 95 93 93 1549 1549 95 95 1548 1548 95 95 1549 1549 1550 1550 1549 1549 93 93 1551 1551 96 96 1548 1548 238 238 1551 1551 1547 1547 1551 1551 238 238 96 96 238 238 1547 1547 99 99 39 39 1552 1552 1553 1553 1552 1552 38 38 1554 1554 38 38 1552 1552 39 39 1555 1555 1554 1554 89 89 38 38 89 89 1554 1554 88 88 1556 1556 1555 1555 1555 1555 89 89 88 88 39 39 1553 1553 86 86 1557 1557 87 87 86 86 86 86 1553 1553 1557 1557 87 87 1558 1558 94 94 1558 1558 87 87 1557 1557 1558 1558 1550 1550 94 94 94 94 1550 1550 93 93 71 71 1559 1559 1560 1560 1559 1559 78 78 1561 1561 78 78 1559 1559 71 71 1562 1562 1561 1561 75 75 78 78 75 75 1561 1561 74 74 1563 1563 1562 1562 1562 1562 75 75 74 74 71 71 1560 1560 72 72 1564 1564 83 83 72 72 72 72 1560 1560 1564 1564 83 83 1565 1565 32 32 1565 1565 83 83 1564 1564 1565 1565 1556 1556 32 32 32 32 1556 1556 88 88 74 74 1566 1566 1563 1563 1566 1566 74 74 73 73 31 31 1567 1567 1566 1566 31 31 1566 1566 73 73 31 31 1568 1568 1567 1567 1568 1568 31 31 70 70 70 70 69 69 1569 1569 70 70 1569 1569 1568 1568 69 69 1570 1570 1569 1569 1570 1570 69 69 54 54 54 54 55 55 1571 1571 54 54 1571 1571 1570 1570 55 55 65 65 1524 1524 55 55 1524 1524 1571 1571 1569 1569 1571 1571 1524 1524 1526 1526 1523 1523 1525 1525 1533 1533 1565 1565 1564 1564 1569 1569 1570 1570 1571 1571 1565 1565 1533 1533 1528 1528 1533 1533 1564 1564 1534 1534 1523 1523 1526 1526 1524 1524 1556 1556 1529 1529 1555 1555 1529 1529 1556 1556 1528 1528 1554 1554 1530 1530 1531 1531 1530 1530 1554 1554 1555 1555 1552 1552 1532 1532 1543 1543 1531 1531 1532 1532 1552 1552 1542 1542 1553 1553 1543 1543 1543 1543 1553 1553 1552 1552 1557 1557 1536 1536 1537 1537 1553 1553 1541 1541 1557 1557 1558 1558 1539 1539 1550 1550 1537 1537 1538 1538 1558 1558 1549 1549 1540 1540 1545 1545 1540 1540 1549 1549 1550 1550 1549 1549 1545 1545 1548 1548 1548 1548 1545 1545 1544 1544 1544 1544 1546 1546 1551 1551 1551 1551 1548 1548 1544 1544 1546 1546 1547 1547 1551 1551 1540 1540 1550 1550 1539 1539 1539 1539 1558 1558 1538 1538 1537 1537 1558 1558 1557 1557 1542 1542 1541 1541 1553 1553 1541 1541 1536 1536 1557 1557 1531 1531 1552 1552 1554 1554 1565 1565 1528 1528 1556 1556 1529 1529 1530 1530 1555 1555 1560 1560 1559 1559 1534 1534 1564 1564 1560 1560 1534 1534 1559 1559 1535 1535 1534 1534 1535 1535 1559 1559 1561 1561 1562 1562 1527 1527 1535 1535 1535 1535 1561 1561 1562 1562 1527 1527 1563 1563 1526 1526 1563 1563 1527 1527 1562 1562 1563 1563 1566 1566 1526 1526 1567 1567 1568 1568 1569 1569 1526 1526 1566 1566 1524 1524 1566 1566 1569 1569 1524 1524 1567 1567 1569 1569 1566 1566 860 860 857 857 859 859 912 912 911 911 923 923 863 863 860 860 875 875 859 859 875 875 860 860 878 878 863 863 877 877 863 863 875 875 877 877 864 864 863 863 878 878 866 866 864 864 881 881 878 878 881 881 864 864 883 883 869 869 866 866 866 866 881 881 883 883 869 869 884 884 870 870 884 884 869 869 883 883 884 884 848 848 870 870 989 989 853 853 990 990 998 998 844 844 997 997 993 993 990 990 854 854 856 856 993 993 854 854 989 989 843 843 853 853 990 990 853 853 854 854 989 989 997 997 843 843 844 844 843 843 997 997 998 998 928 928 847 847 844 844 998 998 847 847 928 928 848 848 847 847 927 927 924 924 921 921 848 848 928 928 870 870 916 916 915 915 934 934 933 933 915 915 912 912 915 915 933 933 934 934 933 933 912 912 923 923 921 921 924 924 911 911 911 911 924 924 923 923 922 922 928 928 927 927 921 921 922 922 927 927 928 928 904 904 870 870 904 904 928 928 922 922 896 896 900 900 895 895 904 904 903 903 896 896 906 906 908 908 886 886 906 906 885 885 897 897 889 889 908 908 910 910 910 910 890 890 889 889 885 885 906 906 886 886 886 886 908 908 889 889 897 897 895 895 900 900 897 897 885 885 895 895 904 904 896 896 870 870 903 903 900 900 896 896 1224 1224 1221 1221 1223 1223 1276 1276 1275 1275 1287 1287 1227 1227 1224 1224 1239 1239 1223 1223 1239 1239 1224 1224 1242 1242 1227 1227 1241 1241 1227 1227 1239 1239 1241 1241 1228 1228 1227 1227 1242 1242 1230 1230 1228 1228 1245 1245 1242 1242 1245 1245 1228 1228 1247 1247 1233 1233 1230 1230 1230 1230 1245 1245 1247 1247 1233 1233 1248 1248 1234 1234 1248 1248 1233 1233 1247 1247 1248 1248 1212 1212 1234 1234 1353 1353 1217 1217 1354 1354 1362 1362 1208 1208 1361 1361 1357 1357 1354 1354 1218 1218 1220 1220 1357 1357 1218 1218 1353 1353 1207 1207 1217 1217 1354 1354 1217 1217 1218 1218 1353 1353 1361 1361 1207 1207 1208 1208 1207 1207 1361 1361 1362 1362 1292 1292 1211 1211 1208 1208 1362 1362 1211 1211 1292 1292 1212 1212 1211 1211 1291 1291 1288 1288 1285 1285 1212 1212 1292 1292 1234 1234 1280 1280 1279 1279 1298 1298 1297 1297 1279 1279 1276 1276 1279 1279 1297 1297 1298 1298 1297 1297 1276 1276 1287 1287 1285 1285 1288 1288 1275 1275 1275 1275 1288 1288 1287 1287 1286 1286 1292 1292 1291 1291 1285 1285 1286 1286 1291 1291 1292 1292 1268 1268 1234 1234 1268 1268 1292 1292 1286 1286 1260 1260 1264 1264 1259 1259 1268 1268 1267 1267 1260 1260 1270 1270 1272 1272 1250 1250 1270 1270 1249 1249 1261 1261 1253 1253 1272 1272 1274 1274 1274 1274 1254 1254 1253 1253 1249 1249 1270 1270 1250 1250 1250 1250 1272 1272 1253 1253 1261 1261 1259 1259 1264 1264 1261 1261 1249 1249 1259 1259 1268 1268 1260 1260 1234 1234 1267 1267 1264 1264 1260 1260 1379 1379 1376 1376 1375 1375 1374 1374 1517 1517 1413 1413 1375 1375 1380 1380 1379 1379 1368 1368 1388 1388 1386 1386 1387 1387 1397 1397 1385 1385 1391 1391 1367 1367 1392 1392 1374 1374 1413 1413 1424 1424 1402 1402 1406 1406 1405 1405 1513 1513 1414 1414 1514 1514 1414 1414 1413 1413 1514 1514 1413 1413 1517 1517 1514 1514 1417 1417 1513 1513 1521 1521 1513 1513 1417 1417 1414 1414 1522 1522 1419 1419 1521 1521 1417 1417 1521 1521 1419 1419 1522 1522 1430 1430 1420 1420 1420 1420 1419 1419 1522 1522 1427 1427 1420 1420 1430 1430 1374 1374 1424 1424 1372 1372 1408 1408 1410 1410 1425 1425 1410 1410 1424 1424 1425 1425 1399 1399 1425 1425 1406 1406 1399 1399 1406 1406 1402 1402 1410 1410 1372 1372 1424 1424 1425 1425 1399 1399 1408 1408 1370 1370 1410 1410 1412 1412 1410 1410 1370 1370 1372 1372 1392 1392 1364 1364 1412 1412 1370 1370 1412 1412 1364 1364 1368 1368 1367 1367 1391 1391 1367 1367 1364 1364 1392 1392 1387 1387 1386 1386 1388 1388 1388 1388 1368 1368 1391 1391 1397 1397 1375 1375 1385 1385 1387 1387 1385 1385 1386 1386 1380 1380 1375 1375 1398 1398 1397 1397 1398 1398 1375 1375</p>
        </triangles>
      </mesh>
    </geometry>
  </library_geometries>
  <library_materials>
    <material id="d1e34d3f6f7b4b979fc53f28475fe22e" name="defaultmaterial">
      <instance_effect url="#261d626e2f5d4c70af05f853252d6713" />
    </material>
  </library_materials>
  <library_visual_scenes>
    <visual_scene id="scene">
      <node id="node0" name="node0">
        <instance_geometry url="#13641094598948c0ae15dd909bde9af6">
          <bind_material>
            <technique_common>
              <instance_material symbol="material0" target="#d1e34d3f6f7b4b979fc53f28475fe22e" />
            </technique_common>
          </bind_material>
        </instance_geometry>
      </node>
    </visual_scene>
  </library_visual_scenes>
  <scene>
    <instance_visual_scene url="#scene" />
  </scene>
</COLLADA>